Location,Count
Remote,1557
"New York, New York, USA",1003
"Chicago, Illinois, USA",596
"Toronto, Ontario, Canada",530
"Boston, Massachusetts, USA",472
"San Francisco, California, USA",400
"Austin, Texas, USA",337
Not Provided,251
"Houston, Texas, USA",245
"Los Angeles, California, USA",239
"San Jose, California, USA",236
"Atlanta, Georgia, USA",230
"Dallas, Texas, USA",213
"Montreal, Quebec, Canada",183
"Denver, Colorado, USA",180
USA,170
"San Diego, California, USA",168
"Seattle, Washington, USA",162
"Charlotte, North Carolina, USA",161
"Santa Clara, California, USA",159
"Philadelphia, Pennsylvania, USA",158
"Cambridge, Massachusetts, USA",156
"Minneapolis, Minnesota, USA",143
"Mountain View, California, USA",142
"Vancouver, British Columbia, Canada",136
"Raleigh, North Carolina, USA",131
"Mississauga, Ontario, Canada",129
"Indianapolis, Indiana, USA",119
"Beverly Hills, California, USA",115
"Irvine, California, USA",114
"Nashville, Tennessee, USA",111
"New York City, New York, USA",111
"Tampa, Florida, USA",111
"Phoenix, Arizona, USA",108
"Cincinnati, Ohio, USA",107
"Washington, District of Columbia, USA",105
"Ottawa, Ontario, Canada",101
"Calgary, Alberta, Canada",96
"Portland, Oregon, USA",95
"Miami, Florida, USA",95
"Columbus, Ohio, USA",95
"Pittsburgh, Pennsylvania, USA",91
"Washington, DC, USA",90
"St. Louis, Missouri, USA",85
"Alpharetta, Georgia, USA",84
"San Antonio, Texas, USA",84
"Sunnyvale, California, USA",82
"Buffalo, New York, USA",82
"Milwaukee, Wisconsin, USA",81
"Palo Alto, California, USA",81
"Needham, Massachusetts, USA",80
"Jacksonville, Florida, USA",78
"Detroit, Michigan, USA",78
"South San Francisco, California, USA",75
"Cleveland, Ohio, USA",73
"Bellevue, Washington, USA",73
"Brooklyn, New York, USA",68
"San Mateo, California, USA",68
"Long Beach, California, USA",67
"Lincoln, Nebraska, USA",66
"Golden, Colorado, USA",65
"Boise, Idaho, USA",65
"Sacramento, California, USA",65
"Durham, North Carolina, USA",64
"Las Vegas, Nevada, USA",62
"Salt Lake City, Utah, USA",62
"Orlando, Florida, USA",61
"Edmonton, Alberta, Canada",61
"McLean, Virginia, USA",61
"Spring, Texas, USA",59
"California, USA",56
"Culver City, California, USA",56
"North Carolina, USA",56
"Arlington, Virginia, USA",53
"Scottsdale, Arizona, USA",49
"Tempe, Arizona, USA",49
"Richmond, Virginia, USA",49
"Texas, USA",49
"Waltham, Massachusetts, USA",49
"Plano, Texas, USA",48
"Grand Rapids, Michigan, USA",47
", ",46
"Alameda, California, USA",46
"Acton, Massachusetts, USA",46
"Kansas City, Missouri, USA",45
"Memphis, Tennessee, USA",45
"New York, USA",45
"Newtown Square, Pennsylvania, USA",44
"Parsippany, New Jersey, USA",44
"Baltimore, Maryland, USA",44
"Portland, Maine, USA",43
"Florida, USA",43
"Washington, D.C., USA",41
"Fort Worth, Texas, USA",41
"Louisville, Kentucky, USA",40
"Redwood City, California, USA",40
"Oklahoma City, Oklahoma, USA",40
"Pleasanton, California, USA",40
"Hillsboro, Oregon, USA",39
"Omaha, Nebraska, USA",39
"Santa Ana, California, USA",39
"Princeton, New Jersey, USA",38
Canada,38
"Fremont, California, USA",38
"Jersey City, New Jersey, USA",37
"Ann Arbor, Michigan, USA",37
"Dayton, Ohio, USA",37
"Glendale, California, USA",36
"Rochester, New York, USA",36
"Andover, Massachusetts, USA",36
"Albuquerque, New Mexico, USA",35
"Somerville, Massachusetts, USA",35
"Sterling, Virginia, USA",35
"Arizona, USA",35
"Markham, Ontario, Canada",34
"Kitchener, Ontario, Canada",34
"New Jersey, USA",34
"Foster City, California, USA",34
"Springdale, Arkansas, USA",34
"Birmingham, Alabama, USA",34
"Mirabel, Quebec, Canada",34
"Knoxville, Tennessee, USA",34
"Columbia, Missouri, USA",33
"Oakville, Ontario, Canada",33
"Georgia, USA",32
"Mandan, North Dakota, USA",32
"Alexandria, Virginia, USA",32
"Anaheim, California, USA",32
"Raritan, New Jersey, USA",32
"Fort Lauderdale, Florida, USA",32
"Burlington, Massachusetts, USA",31
"Pennsylvania, USA",31
"Montréal, Quebec, Canada",31
"Champaign, Illinois, USA",31
"Halifax, Nova Scotia, Canada",31
"Huntsville, Alabama, USA",31
"Oakland, California, USA",31
"Massachusetts, USA",31
"Brampton, Ontario, Canada",29
"Greenville, South Carolina, USA",29
"Madison, Wisconsin, USA",29
"Erlanger, Kentucky, USA",28
"Colorado, USA",28
"Milpitas, California, USA",28
"Utah, USA",28
"Ohio, USA",28
"Des Moines, Iowa, USA",28
"Hartford, Connecticut, USA",28
"Newark, California, USA",28
"Overland Park, Kansas, USA",28
"Ontario, Canada",27
"Burbank, California, USA",27
"Saskatoon, Saskatchewan, Canada",27
"Herndon, Virginia, USA",27
"Waterloo, Ontario, Canada",27
"Washington, USA",27
"Redmond, Washington, USA",27
"Michigan, USA",27
"Virginia, USA",26
"South Carolina, USA",26
"Oak Brook, Illinois, USA",26
"Irving, Texas, USA",26
"Santa Monica, California, USA",25
"Remote, USA",25
"Illinois, USA",24
"Allentown, Pennsylvania, USA",24
"Tucson, Arizona, USA",24
"Costa Mesa, California, USA",24
"Tennessee, USA",24
"Lexington, Kentucky, USA",24
"Kalamazoo, Michigan, USA",24
"Bloomington, Indiana, USA",24
"Horsham, Pennsylvania, USA",24
"Stamford, Connecticut, USA",23
"Draper, Utah, USA",23
"Albany, New York, USA",23
"Clearwater, Florida, USA",23
"Holland, Michigan, USA",23
"Reston, Virginia, USA",23
"Rockville, Maryland, USA",22
"State College, Pennsylvania, USA",22
"Nevada, USA",22
"San Carlos, California, USA",22
"El Segundo, California, USA",22
"Findlay, Ohio, USA",22
"Danvers, Massachusetts, USA",22
"Morristown, New Jersey, USA",22
"Worcester, Massachusetts, USA",22
"Wilmington, Delaware, USA",21
"New Orleans, Louisiana, USA",21
"Issaquah, Washington, USA",21
"Chelmsford, Massachusetts, USA",20
"North Charleston, South Carolina, USA",20
"Canonsburg, Pennsylvania, USA",20
"Cary, North Carolina, USA",20
"Indiana, USA",19
"St. Petersburg, Florida, USA",19
"Visalia, California, USA",19
"Wilmington, North Carolina, USA",19
"Fort Collins, Colorado, USA",19
"Little Rock, Arkansas, USA",19
"Rosemont, Illinois, USA",19
"King of Prussia, Pennsylvania, USA",19
"Auburn Hills, Michigan, USA",19
"Cedar Rapids, Iowa, USA",19
"Bloomington, Minnesota, USA",19
"Winnipeg, Manitoba, Canada",19
"Farmington, Connecticut, USA",18
"Temple, Texas, USA",18
"Aiea, Hawaii, USA",18
"Vancouver, Washington, USA",18
"San Ramon, California, USA",18
"Oshkosh, Wisconsin, USA",18
"Waukegan, Illinois, USA",18
"Lake Mary, Florida, USA",18
"Hanover, Maryland, USA",18
"Malvern, Pennsylvania, USA",18
"Beachwood, Ohio, USA",18
"Lafayette, Indiana, USA",18
"Sparks, Nevada, USA",18
"West Palm Beach, Florida, USA",18
"Delaware, USA",18
"Kenosha, Wisconsin, USA",18
"Hooksett, New Hampshire, USA",18
"Glenview, Illinois, USA",18
"Bethlehem, Pennsylvania, USA",18
"Evendale, Ohio, USA",17
"Connecticut, USA",17
"Pleasant Prairie, Wisconsin, USA",17
"Canton, Ohio, USA",17
"Roswell, New Mexico, USA",17
"Etobicoke, Ontario, Canada",17
"Centennial, Colorado, USA",17
"Torrance, California, USA",17
"Fort McMurray, Alberta, Canada",17
"Manchester, New Hampshire, USA",17
"Berlin, Connecticut, USA",17
"Columbia, South Carolina, USA",17
"Chattanooga, Tennessee, USA",17
"Easton, Pennsylvania, USA",16
"Asheville, North Carolina, USA",16
"Titusville, New Jersey, USA",16
"Newark, Delaware, USA",16
"Downers Grove, Illinois, USA",16
"Spring House, Pennsylvania, USA",16
"London, Ontario, Canada",16
"Quincy, Massachusetts, USA",16
"Oakland, New Jersey, USA",16
"Kansas City, Kansas, USA",16
"Saxonburg, Pennsylvania, USA",16
"Auburn, Alabama, USA",16
"Celebration, Florida, USA",16
"Garden Grove, California, USA",16
"Appleton, Wisconsin, USA",16
"Bothell, Washington, USA",15
"Camden, New Jersey, USA",15
"Chandler, Arizona, USA",15
"Maryland, USA",15
"Sioux Falls, South Dakota, USA",15
"Westminster, Colorado, USA",15
"Lynn, Massachusetts, USA",15
"Oregon, USA",15
"Colorado Springs, Colorado, USA",15
"Rhode Island, USA",15
"Montvale, New Jersey, USA",15
"Iselin, New Jersey, USA",15
"Chesterfield, Missouri, USA",14
"Newark, New Jersey, USA",14
"Burlington, Ontario, Canada",14
"Ashburn, Virginia, USA",14
"Wisconsin, USA",14
"Fargo, North Dakota, USA",14
"Norwich, Connecticut, USA",14
"Reno, Nevada, USA",14
"Catlettsburg, Kentucky, USA",14
"Terre Haute, Indiana, USA",14
"Mobile, Alabama, USA",14
"College Station, Texas, USA",14
"Pasadena, California, USA",14
"Framingham, Massachusetts, USA",14
"North Bethesda, Maryland, USA",14
"Tysons, Virginia, USA",14
"Mesa, Arizona, USA",13
"Boulder, Colorado, USA",13
"Green Bay, Wisconsin, USA",13
"Lake Buena Vista, Florida, USA",13
"Vaughan, Ontario, Canada",13
"Tallahassee, Florida, USA",13
"Idaho Falls, Idaho, USA",13
"Leominster, Massachusetts, USA",13
"Los Altos, California, USA",13
"Beavercreek Township, Ohio, USA",13
"Madisonville, Kentucky, USA",13
"Okemos, Michigan, USA",13
"Baton Rouge, Louisiana, USA",13
"Bohemia, New York, USA",13
"Plymouth, Minnesota, USA",13
"New Brunswick, New Jersey, USA",13
"Greenwood Village, Colorado, USA",13
"Cranbury, New Jersey, USA",12
"Falls Church, Virginia, USA",12
"Thousand Oaks, California, USA",12
"McKinney, Texas, USA",12
"Aurora, Colorado, USA",12
"Hamilton, Ontario, Canada",12
"Minnesota, USA",12
"Menlo Park, California, USA",12
"Trevose, Pennsylvania, USA",12
"Wayne, Pennsylvania, USA",12
"Gainesville, Florida, USA",12
"Wichita, Kansas, USA",12
"Westlake Village, California, USA",12
"Edison, New Jersey, USA",12
"Burnaby, British Columbia, Canada",12
"West Jefferson, Ohio, USA",12
"Marietta, Georgia, USA",12
"Schaumburg, Illinois, USA",12
"La Jolla, California, USA",12
"Quebec City, Quebec, Canada",12
"Bedford, Massachusetts, USA",12
"Honolulu, Hawaii, USA",12
"Tacoma, Washington, USA",12
"Sparwood, British Columbia, Canada",12
"Batesville, Arkansas, USA",12
"Commerce, California, USA",12
"St. Paul, Minnesota, USA",11
"Greensboro, North Carolina, USA",11
"Bethesda, Maryland, USA",11
"Frisco, Texas, USA",11
"Concord, California, USA",11
"Richmond, British Columbia, Canada",11
"Daytona Beach, Florida, USA",11
"McAllen, Texas, USA",11
"Walnut Creek, California, USA",11
"Greater Toronto Area, Ontario, Canada",11
"Lake Saint Louis, Missouri, USA",11
"Quakertown, Pennsylvania, USA",11
"Rutland, Vermont, USA",11
"Arkansas City, Kansas, USA",11
"Sidney, Ohio, USA",11
"Rogers, Minnesota, USA",11
"Troy, Michigan, USA",11
"Twin Falls, Idaho, USA",11
"Burlingame, California, USA",11
"Milton, Ontario, Canada",11
"Carlsbad, California, USA",11
"Ocala, Florida, USA",11
"Wenatchee, Washington, USA",11
"Buffalo Grove, Illinois, USA",11
"Renton, Washington, USA",11
"Novi, Michigan, USA",11
"Charleston, South Carolina, USA",10
"Pontiac, Michigan, USA",10
"Maryville, Tennessee, USA",10
"Woodland Hills, California, USA",10
"Everett, Washington, USA",10
"Chantilly, Virginia, USA",10
"Berkeley, California, USA",10
"Riverside, California, USA",10
"El Paso, Texas, USA",10
"Sarasota, Florida, USA",10
"Victoria, British Columbia, Canada",10
"Folsom, California, USA",10
"Gloucester, Massachusetts, USA",10
"Coaldale, Pennsylvania, USA",10
"Athens, Georgia, USA",10
"Akron, Ohio, USA",10
"Idaho, USA",10
"Coppell, Texas, USA",10
"Lawrence, Massachusetts, USA",10
"McCarran, Nevada, USA",10
"Liberty Lake, Washington, USA",10
"Kissimmee, Florida, USA",10
"Somerset, New Jersey, USA",10
"Guelph, Ontario, Canada",10
United States,10
"Coral Gables, Florida, USA",10
"Marlborough, Massachusetts, USA",10
"Arlington, Texas, USA",10
"Midland, Michigan, USA",9
"Raynham, Massachusetts, USA",9
"Casa Grande, Arizona, USA",9
"Fort Wayne, Indiana, USA",9
"Maumee, Ohio, USA",9
"Mayfield Heights, Ohio, USA",9
"Saint-Laurent, Quebec, Canada",9
"Dalton, Georgia, USA",9
"Provo, Utah, USA",9
"Longmont, Colorado, USA",9
"Dallas-Fort Worth Metroplex, Texas, USA",9
"Westwood, Massachusetts, USA",9
"Hartsville, South Carolina, USA",9
"Jackson, Mississippi, USA",9
"Gatineau, Quebec, Canada",9
"Billerica, Massachusetts, USA",9
"Aguadilla, Puerto Rico, USA",9
"Langley, British Columbia, Canada",9
"Edina, Minnesota, USA",9
"Roseville, California, USA",9
"Norwalk, Connecticut, USA",9
"Southfield, Michigan, USA",9
"Ontario, California, USA",9
"Corpus Christi, Texas, USA",9
"Alabama, USA",9
"Anacortes, Washington, USA",9
"Pocatello, Idaho, USA",9
"Radnor, Pennsylvania, USA",9
"Henrietta, New York, USA",9
"Kent, Washington, USA",9
"Blue Bell, Pennsylvania, USA",9
"Berkeley, Missouri, USA",9
"Vacaville, California, USA",9
"Wilmington, Massachusetts, USA",9
"Missouri, USA",9
"Fort Mill, South Carolina, USA",9
"East Granby, Connecticut, USA",9
"Mason, Ohio, USA",9
"Ambler, Pennsylvania, USA",9
"Tulsa, Oklahoma, USA",9
"Lansing, Michigan, USA",9
"Bentonville, Arkansas, USA",9
"Wayzata, Minnesota, USA",9
"Columbia, Maryland, USA",9
"Concord, New Hampshire, USA",9
"Plainfield, Indiana, USA",9
"Apex, North Carolina, USA",9
"Garyville, Louisiana, USA",8
"Farmington Hills, Michigan, USA",8
"Nepean, Ontario, Canada",8
"Malibu, California, USA",8
"Morgantown, West Virginia, USA",8
"Virtual Illinois, USA",8
"Byron Center, Michigan, USA",8
"Hazelwood, Missouri, USA",8
"Ville Mont-Royal, Quebec, Canada",8
"Santa Rosa, California, USA",8
"Remote/Nationwide, USA",8
"Lenexa, Kansas, USA",8
"Washington DC, USA",8
"Harrisburg, Pennsylvania, USA",8
"Northbrook, Illinois, USA",8
"Sault Ste. Marie, Ontario, Canada",8
"Dartmouth, Nova Scotia, Canada",8
"Montréal, Québec, Canada",8
"San Luis Obispo, California, USA",8
"Melville, New York, USA",8
"Kirkland, Quebec, Canada",8
"Malta, New York, USA",8
"Carmel, Indiana, USA",8
"Red Deer, Alberta, Canada",8
"Ankeny, Iowa, USA",8
"Goldsboro, North Carolina, USA",8
"Quebec, Canada",8
"Hawkesbury, Ontario, Canada",8
"West Union, South Carolina, USA",8
"Norwood, Massachusetts, USA",8
"Columbus, Georgia, USA",8
"La Porte, Texas, USA",8
"Oklahoma, USA",8
"New Hampshire, USA",8
"Crossville, Tennessee, USA",8
"Phillipsburg, New Jersey, USA",8
"Orwigsburg, Pennsylvania, USA",8
"Stroudsburg, Pennsylvania, USA",8
"Lehighton, Pennsylvania, USA",8
"Lexington, Massachusetts, USA",8
"Oshawa, Ontario, Canada",8
"Valley, Nebraska, USA",8
"Rochester, Michigan, USA",8
"Newton, Massachusetts, USA",8
"North Dakota, USA",8
"North Mankato, Minnesota, USA",8
"Burlington, Vermont, USA",8
"Richardson, Texas, USA",8
"Hagerstown, Maryland, USA",8
"Noblesville, Indiana, USA",8
"Rahway, New Jersey, USA",8
"Fairfax, Virginia, USA",8
"Medford, Oregon, USA",8
"Topeka, Kansas, USA",8
"South Dakota, USA",8
"Bend, Oregon, USA",8
"Charlottesville, Virginia, USA",8
"Naperville, Illinois, USA",8
"Florence, South Carolina, USA",7
"West Haven, Connecticut, USA",7
"Yakima, Washington, USA",7
"Hartselle, Alabama, USA",7
"Kirkland, Washington, USA",7
"Peoria, Illinois, USA",7
"West Des Moines, Iowa, USA",7
"Wyoming, USA",7
"Fort Payne, Alabama, USA",7
"Belton, Missouri, USA",7
"Manassas, Virginia, USA",7
"Cornwall, Ontario, Canada",7
"Embrun, Ontario, Canada",7
"Cambridge, Ontario, Canada",7
"Hawthorne, California, USA",7
"Anchorage, Alaska, USA",7
"Jessup, Pennsylvania, USA",7
"New Haven, Connecticut, USA",7
"West Chester, Pennsylvania, USA",7
"Kansas, USA",7
"Greenville, North Carolina, USA",7
"Sayre, Pennsylvania, USA",7
"Brookfield, Wisconsin, USA",7
"Evanston, Illinois, USA",7
"Heath, Ohio, USA",7
"Deer Park, Texas, USA",7
"Gibson City, Illinois, USA",7
"Louisiana, USA",7
"Binghamton, New York, USA",7
"Medford, Massachusetts, USA",7
"Rockford, Illinois, USA",7
"Virginia Beach, Virginia, USA",7
"Lafayette, Louisiana, USA",7
"Kentucky, USA",7
"Bronx, New York, USA",7
"New Albany, Ohio, USA",7
"Fresno, California, USA",7
"Dayton, Minnesota, USA",7
"St Louis, Missouri, USA",7
"Wilton, Connecticut, USA",7
"Portsmouth, New Hampshire, USA",7
"Lanham, Maryland, USA",7
"Coaldale, Alberta, Canada",7
"Boca Raton, Florida, USA",7
"North Kingstown, Rhode Island, USA",7
"Montréal, QC, Canada",7
"Regina, Saskatchewan, Canada",7
"Morris Plains, New Jersey, USA",7
"Newport Beach, California, USA",7
"Erie, Pennsylvania, USA",7
"Encino, California, USA",7
"Lancaster, Pennsylvania, USA",7
"Woodbridge, Ontario, Canada",7
"Chapel Hill, North Carolina, USA",7
"Keene, New Hampshire, USA",7
"Kelowna, British Columbia, Canada",7
"Freeport, Texas, USA",7
"Watertown, Massachusetts, USA",6
"Dublin, Ohio, USA",6
"White Plains, New York, USA",6
"Lehi, Utah, USA",6
"Dubreuilville, Ontario, Canada",6
"Olathe, Kansas, USA",6
"Stennis Space Center, Mississippi, USA",6
"Riverview, Florida, USA",6
"Fort Dodge, Iowa, USA",6
"Nebraska, USA",6
"Kennesaw, Georgia, USA",6
"Englewood, Colorado, USA",6
"Decatur, Illinois, USA",6
"Chevy Chase, Maryland, USA",6
"Chilliwack, British Columbia, Canada",6
"Bonita Springs, Florida, USA",6
"Calabasas, California, USA",6
"Amarillo, Texas, USA",6
"Stratford, Ontario, Canada",6
"Stevens Point, Wisconsin, USA",6
"Fayetteville, Arkansas, USA",6
"Norfolk, Virginia, USA",6
"Kingston, Ontario, Canada",6
"Glen Allen, Virginia, USA",6
"Sugar Land, Texas, USA",6
"Jamaica Plain, Massachusetts, USA",6
"Palm Beach Gardens, Florida, USA",6
"Carleton Place, Ontario, Canada",6
"Blue Ash, Ohio, USA",6
"Brooklyn Park, Minnesota, USA",6
"Grafton, Wisconsin, USA",6
"Lima, Ohio, USA",6
"Iowa, USA",6
"Cherry Hill, New Jersey, USA",6
"Flagstaff, Arizona, USA",6
"Arkansas, USA",6
"Bloomington, Illinois, USA",6
"Varennes, Quebec, Canada",6
"Fayetteville, North Carolina, USA",6
"Berkeley Heights, New Jersey, USA",6
"Springfield, Illinois, USA",6
"New Mexico, USA",6
"Toledo, Ohio, USA",6
"Oak Ridge, Tennessee, USA",6
"Essex Junction, Vermont, USA",6
"Wauwatosa, Wisconsin, USA",6
"Elizabeth, New Jersey, USA",6
"East Hartford, Connecticut, USA",6
"Remote, Ontario, Canada",6
"Laurel, Maryland, USA",6
"Keller, Texas, USA",6
"Lemont, Illinois, USA",6
"Rochester, Minnesota, USA",6
"Melbourne, Florida, USA",6
"Martensville, Saskatchewan, Canada",6
"Montana, USA",6
"Walker, Michigan, USA",6
"Robinson, Illinois, USA",6
"Mequon, Wisconsin, USA",6
"San Juan, Puerto Rico, USA",6
"San Marcos, Texas, USA",6
"Tuscaloosa, Alabama, USA",6
"Allen Park, Michigan, USA",6
"Eagan, Minnesota, USA",6
"San Bruno, California, USA",6
"Kennett Square, Pennsylvania, USA",6
"Scarborough, Ontario, Canada",6
"Kenai, Alaska, USA",6
"Texas City, Texas, USA",6
"St Paul Park, Minnesota, USA",6
"Exeter, New Hampshire, USA",6
"Frederick, Maryland, USA",6
"Wilmington, California, USA",6
"Cape Canaveral, Florida, USA",6
"Fredericton, New Brunswick, Canada",6
"Tysons Corner, Virginia, USA",6
"Neenah, Wisconsin, USA",6
"Simi Valley, California, USA",6
"Moffett Field, California, USA",6
"Bridgewater, New Jersey, USA",6
"Brentwood, Tennessee, USA",6
"Cullman, Alabama, USA",6
"Silver Spring, Maryland, USA",6
"Maryland Heights, Missouri, USA",6
"Bradenton, Florida, USA",6
"Carrollton, Kentucky, USA",6
"Maine, USA",6
"Grand Prairie, Texas, USA",5
"Charleston, West Virginia, USA",5
"Brownsville, Texas, USA",5
"Sunrise, Florida, USA",5
"Lake Charles, Louisiana, USA",5
"Getzville, New York, USA",5
"Grove City, Ohio, USA",5
"Wilkes-Barre, Pennsylvania, USA",5
"Secaucus, New Jersey, USA",5
"Ancaster, Ontario, Canada",5
"Great Falls, Montana, USA",5
"Waco, Texas, USA",5
"Lakeland, Florida, USA",5
"Georgetown, Ontario, Canada",5
"Saint Louis, Missouri, USA",5
"Sherwood Park, Alberta, Canada",5
"Northfield, Illinois, USA",5
"Peterborough, Ontario, Canada",5
"Beverly, Massachusetts, USA",5
"Aurora, Illinois, USA",5
"Taunton, Massachusetts, USA",5
"Lakewood, Colorado, USA",5
"Eden Prairie, Minnesota, USA",5
"Towson, Maryland, USA",5
"Collegeville, Pennsylvania, USA",5
"Portsmouth, Virginia, USA",5
"McGregor, Texas, USA",5
"Amsterdam, NH, USA",5
"Wellesley Hills, Massachusetts, USA",5
"Port Orchard, Washington, USA",5
"Long Island, New York, USA",5
"Rocklin, California, USA",5
"Eau Claire, Wisconsin, USA",5
"Carson City, Nevada, USA",5
"Pensacola, Florida, USA",5
"Westport, Connecticut, USA",5
"Vermont, USA",5
"Duluth, Minnesota, USA",5
"Kanata, Ontario, Canada",5
"Woburn, Massachusetts, USA",5
"West Virginia, USA",5
"Katy, Texas, USA",5
"Novato, California, USA",5
"Allen, Texas, USA",5
"USA, USA",5
"Austell, Georgia, USA",5
"Schenectady, New York, USA",5
"Queens, New York, USA",5
"Brea, California, USA",5
"West Point, Pennsylvania, USA",5
"Waterbury, Connecticut, USA",5
"Doral, Florida, USA",5
"Altoona, Iowa, USA",5
"Huntington Beach, California, USA",5
"Greater Boston, Massachusetts, USA",5
"Syracuse, New York, USA",5
"Plantation, Florida, USA",5
"Centralia, Washington, USA",5
"Providence, Rhode Island, USA",5
"Fort Myers, Florida, USA",5
"Hammond, Indiana, USA",5
"Remote - Illinois, USA",5
"Sandy Springs, Georgia, USA",5
"Lubbock, Texas, USA",5
"Louisville, Colorado, USA",5
"Hudson, Wisconsin, USA",5
"Bloomfield, Connecticut, USA",5
"Addison, Texas, USA",5
"Lowell, Arkansas, USA",5
"Savage, Minnesota, USA",5
"Piscataway, New Jersey, USA",5
"Hanover, New Hampshire, USA",5
"Moncton, New Brunswick, Canada",5
"Owensville, Indiana, USA",5
"Abbotsford, British Columbia, Canada",5
"Orrville, Ohio, USA",5
"Richmond Hill, Ontario, Canada",5
"Livonia, Michigan, USA",5
"Hamilton, New Jersey, USA",5
"Oklahoma County, Oklahoma, USA",5
"Mission Viejo, California, USA",5
"Sioux City, Iowa, USA",5
"Albany, Georgia, USA",5
"Hibbing, Minnesota, USA",5
"Greeley, Colorado, USA",5
"East Lansing, Michigan, USA",5
"Emeryville, California, USA",5
"Seal Beach, California, USA",5
"South Jordan, Utah, USA",5
"Mankato, Minnesota, USA",5
"Monticello, Minnesota, USA",5
"Bismarck, North Dakota, USA",5
"Kamloops, British Columbia, Canada",5
"Bellows Falls, Vermont, USA",5
"Cayuga, Indiana, USA",5
"Surrey, British Columbia, Canada",5
"Hutchinson, Kansas, USA",5
"Spokane, Washington, USA",5
"Fenton, Missouri, USA",5
"Edwardsport, Indiana, USA",5
"La Crosse, Wisconsin, USA",5
"Union, Kentucky, USA",5
"Asheville Combined-Cycle Admin Bldg, North Carolina, USA",5
"Greenwood, Indiana, USA",5
"Sherbrooke, Quebec, Canada",5
"Westfield, Indiana, USA",5
"Owings Mills, Maryland, USA",5
"Vancouver, Canada",4
"Danville, Virginia, USA",4
"Duluth, Georgia, USA",4
"Broomfield, Colorado, USA",4
"Evansville, Indiana, USA",4
"Windsor, Ontario, Canada",4
"Fort Hills, Alberta, Canada",4
"Schuyler, Nebraska, USA",4
"Rock Island, Illinois, USA",4
"Lake Odessa, Michigan, USA",4
"Fort Morgan, Colorado, USA",4
"Brooklyn, Ohio, USA",4
"Dodge City, Kansas, USA",4
"West Lafayette, Indiana, USA",4
"Columbus, Nebraska, USA",4
"Santa Clarita, California, USA",4
"Mississippi, USA",4
"Roanoke, Virginia, USA",4
"Minneapolis-St. Paul-Bloomington, Minnesota, USA",4
"Santa Barbara, California, USA",4
"Moundsville, West Virginia, USA",4
"Windsor Locks, Connecticut, USA",4
"Plymouth, Michigan, USA",4
"Port Huron, Michigan, USA",4
"Rocky Mount, North Carolina, USA",4
"Springfield, Massachusetts, USA",4
"Green Cove Springs, Florida, USA",4
"Wausau, Wisconsin, USA",4
"Othello, Washington, USA",4
"Morris, Manitoba, Canada",4
"Hazleton, Pennsylvania, USA",4
"Rancho Cordova, California, USA",4
"Westford, Massachusetts, USA",4
"Wallingford, Connecticut, USA",4
"Asbury Park, New Jersey, USA",4
"Saint Paul, Minnesota, USA",4
"Columbus, Indiana, USA",4
"Fort Lee, New Jersey, USA",4
"Alachua, Florida, USA",4
"Mexico City, Mexico",4
"Bryan, Texas, USA",4
"Germantown, Maryland, USA",4
"Peachtree Corners, Georgia, USA",4
"Lewisville, Texas, USA",4
"Pueblo, Colorado, USA",4
"Oak Hill, New York, USA",4
"Warminster, Pennsylvania, USA",4
"Berlin, Germany",4
"Woodward, Pennsylvania, USA",4
"Dublin, California, USA",4
"Mason City, Iowa, USA",4
"Cudahy, Wisconsin, USA",4
"Union City, California, USA",4
"Pickering, Ontario, Canada",4
"St. Clair, Michigan, USA",4
"Eddyville, Iowa, USA",4
"Blair, Nebraska, USA",4
"Tri Cities, Washington, USA",4
"Myrtle Beach, South Carolina, USA",4
"Circleville, Ohio, USA",4
"Calhoun, Georgia, USA",4
"Jonesboro, Arkansas, USA",4
"Pointe-Claire, Quebec, Canada",4
"Covington, Georgia, USA",4
"Bedford, Nova Scotia, Canada",4
"Warren, New Jersey, USA",4
"Mira Loma, California, USA",4
"Waddell, Arizona, USA",4
"Swiftwater, Pennsylvania, USA",4
"St. Albert, Alberta, Canada",4
"Bastrop, Texas, USA",4
"Moose Jaw, Saskatchewan, Canada",4
"Fullerton, California, USA",4
"Salem, Oregon, USA",4
"Fulton, Maryland, USA",4
"Auburn, Michigan, USA",4
"Conshohocken, Pennsylvania, USA",4
"Hampton, Virginia, USA",4
"Highlands Ranch, Colorado, USA",4
"Cartersville, Georgia, USA",4
"Bethel Park, Pennsylvania, USA",4
"Charlotte, NC, USA",4
"Cranberry Township, Pennsylvania, USA",4
"North Canton, Ohio, USA",4
"East Brunswick, New Jersey, USA",4
"Hanover Park, Illinois, USA",4
"Flint, Michigan, USA",4
"Verdun, Quebec, Canada",4
"Tukwila, Washington, USA",4
"Sheboygan, Wisconsin, USA",4
"British Columbia, Canada",4
"South Portland, Maine, USA",4
"Yarmouth Port, Massachusetts, USA",4
"Bay Area, California, USA",4
"Laguna Beach, California, USA",4
"West Hartford, Connecticut, USA",4
"Summit, New Jersey, USA",4
"Fountain Valley, California, USA",4
"Delta, British Columbia, Canada",4
"Lisle, Illinois, USA",4
"Midvale, Utah, USA",4
"Golden Valley, Minnesota, USA",4
"Delavan, Wisconsin, USA",4
"Blainville, Quebec, Canada",4
"Greenwood, Nebraska, USA",4
"College Park, Maryland, USA",4
"Shakopee, Minnesota, USA",4
"Ladysmith, Wisconsin, USA",4
"Warsaw, Indiana, USA",4
"Montreal Area, Quebec, Canada",4
"Springfield, Pennsylvania, USA",4
"Beavercreek, Ohio, USA",4
"Tullahoma, Tennessee, USA",4
"Gaithersburg, Maryland, USA",4
"Florence, Kentucky, USA",4
"Mount Pleasant, South Carolina, USA",4
"Lake Wales, Florida, USA",4
"Sackville, New Brunswick, Canada",4
"Greenbelt, Maryland, USA",4
"Kihei, Hawaii, USA",4
"Clinton, Pennsylvania, USA",4
"Grimes, Iowa, USA",4
"Midland, Texas, USA",4
"Whitby, Ontario, Canada",4
"Bloomfield Hills, Michigan, USA",4
"Panama City, Panama, USA",4
"The Woodlands, Texas, USA",4
"Minnetonka, Minnesota, USA",4
"Naples, Florida, USA",4
"West Los Angeles, California, USA",4
"Kennewick, Washington, USA",4
"Manhasset, New York, USA",4
"Christiansburg, Virginia, USA",3
"Scott Depot, West Virginia, USA",3
"Chanhassen, Minnesota, USA",3
"Diamond Bar, California, USA",3
"Bridgeport, Connecticut, USA",3
"Waukesha, Wisconsin, USA",3
"Sterling Heights, Michigan, USA",3
"South Burlington, Vermont, USA",3
"Plymouth Meeting, Pennsylvania, USA",3
"Chicopee, Massachusetts, USA",3
"Charlestown, Massachusetts, USA",3
"New Ulm, Minnesota, USA",3
"Kokomo, Indiana, USA",3
"Fort McMurray - Mildred Lake, Alberta, Canada",3
"District of Columbia, USA",3
"Hayward, California, USA",3
"Gurnee, Illinois, USA",3
"Kernersville, North Carolina, USA",3
"Pineville, Louisiana, USA",3
"Hamilton, Ohio, USA",3
"Creedmoor, Texas, USA",3
"Riverhead, New York, USA",3
"Franklin, Tennessee, USA",3
"Innisfail, Alberta, Canada",3
"Lone Tree, Colorado, USA",3
"Rome, New York, USA",3
"Las Cruces, New Mexico, USA",3
"North Salt Lake, Utah, USA",3
"Victoriaville, Quebec, Canada",3
"Basking Ridge, New Jersey, USA",3
"Massillon, Ohio, USA",3
"All Cities, Alberta, Canada",3
"Cranberry, Pennsylvania, USA",3
"Billings, Montana, USA",3
"Murphysboro, Illinois, USA",3
"Wakefield, Massachusetts, USA",3
"Creve Coeur, Missouri, USA",3
"Oxnard, California, USA",3
"Springfield, Missouri, USA",3
"North York, Ontario, Canada",3
"Rocky Hill, Connecticut, USA",3
"North Battleford, Saskatchewan, Canada",3
"East Syracuse, New York, USA",3
"Westborough, Massachusetts, USA",3
"Zeeland, Michigan, USA",3
"Racine, Wisconsin, USA",3
"Spruce Grove, Alberta, Canada",3
"LaCrosse, Wisconsin, USA",3
"Merrimack, New Hampshire, USA",3
"Marshfield, Wisconsin, USA",3
"Lansing, New York, USA",3
"York, Pennsylvania, USA",3
"Iowa Falls, Iowa, USA",3
"Corvallis, Oregon, USA",3
"Magog, Quebec, Canada",3
"Wexford, Pennsylvania, USA",3
"Mansfield, Massachusetts, USA",3
"Saskatchewan, Canada",3
"Vero Beach, Florida, USA",3
"Coopersville, Michigan, USA",3
"Cumming, Georgia, USA",3
"Orchard Park, New York, USA",3
"Waldron, Arkansas, USA",3
"Brecksville, Ohio, USA",3
"Shafter, California, USA",3
"Rice Lake, Wisconsin, USA",3
"Butler, Wisconsin, USA",3
"Ventura, California, USA",3
"Newnan, Georgia, USA",3
"Cottonwood Heights, Utah, USA",3
"Yaphank, New York, USA",3
"Friona, Texas, USA",3
"Ridgefield Park, New Jersey, USA",3
"Mobile Area, Alabama, USA",3
"West Fargo, North Dakota, USA",3
"Anoka, Minnesota, USA",3
"Rogers, Arkansas, USA",3
"Spartanburg, South Carolina, USA",3
"Urbandale, Iowa, USA",3
"Newburgh, Indiana, USA",3
"Midland, Ontario, Canada",3
"Carleton, Nebraska, USA",3
"Greater Los Angeles Area, California, USA",3
"Thornton, Colorado, USA",3
"Bretton Woods, New Hampshire, USA",3
"Manhattan, Kansas, USA",3
"Altoona, Pennsylvania, USA",3
"Murfreesboro, Tennessee, USA",3
"McCalla, Alabama, USA",3
"Alene, Idaho, USA"", ",3
"Orangeville, Ontario, Canada",3
"Jackson, New Jersey, USA",3
"Gadsden, Alabama, USA",3
"Van Nuys, California, USA",3
"Laval, Quebec, Canada",3
"Brantford, Ontario, Canada",3
"Eugene, Oregon, USA",3
"Union Bch, New Jersey, USA",3
"Tomah, Wisconsin, USA",3
"Bolingbrook, Illinois, USA",3
"Coquitlam, British Columbia, Canada",3
"Tavistock, Ontario, Canada",3
"Guntersville, Alabama, USA",3
"Westwego, Louisiana, USA",3
"McConnellsburg, Pennsylvania, USA",3
"WaKeeney, Kansas, USA",3
"Vancouver, BC, Canada",3
"Martinez, California, USA",3
"Rush, New York, USA",3
"Harrisonburg, Virginia, USA",3
"Redondo Beach, California, USA",3
"Gibbon, Nebraska, USA",3
"Suburban Philadelphia, Pennsylvania, USA",3
"Emery, South Dakota, USA",3
"Vernon Hills, Illinois, USA",3
"Warwick, Rhode Island, USA",3
"Woodbury, Minnesota, USA",3
"Emporia, Kansas, USA",3
"Greater Chicago Area, Illinois, USA",3
"Glassboro, New Jersey, USA",3
"Mt. Pleasant, Texas, USA",3
"Round Rock, Texas, USA",3
"Friendly, West Virginia, USA",3
"Montreal (St. Laurent), Quebec, Canada",3
"Metairie, Louisiana, USA",3
"Roswell, Georgia, USA",3
"Atlanta, GA, USA",3
"Middletown, Connecticut, USA",3
"Dodge Center, Minnesota, USA",3
"Greensburg, Pennsylvania, USA",3
"Pryor, Oklahoma, USA",3
"Elk Grove, California, USA",3
"Gresham, Oregon, USA",3
"Elmhurst, Illinois, USA",3
"Sumner, Washington, USA",3
"Lakeville, Massachusetts, USA",3
"Yarmouth, Nova Scotia, Canada",3
"Lakewood, Washington, USA",3
"Lacey, Washington, USA",3
"Denton, Texas, USA",3
"Pawtucket, Rhode Island, USA",3
"Manitowoc, Wisconsin, USA",3
"Williamsville, New York, USA",3
"Hoffman Estates, Illinois, USA",3
"Inglewood, California, USA",3
"Portage, Michigan, USA",3
"Shelton, Connecticut, USA",3
"Mclean, Virginia, USA",3
"Leawood, Kansas, USA",3
Remote-Canada,3
"Morrisville, North Carolina, USA",3
"Lacombe, Alberta, Canada",3
"Gainesville, Georgia, USA",3
"New Brighton, Minnesota, USA",3
"Cannon Falls, Minnesota, USA",3
"Hawaii, USA",3
"Alaska, USA",3
"Quebec, Quebec, Canada",3
"Dixon, Illinois, USA",3
"Springville, Alabama, USA",3
"Brandon, Manitoba, Canada",3
"Delray Beach, Florida, USA",3
"Warren, Michigan, USA",3
"Butler, Pennsylvania, USA",3
"Sherman, Texas, USA",3
"Owensboro, Kentucky, USA",3
"Reading, Pennsylvania, USA",3
"Henderson, Nevada, USA",3
"Colchester, Vermont, USA",3
"Sainte-Anne-de-Bellevue, Quebec, Canada",3
"Hobart, Indiana, USA",3
"Stoney Creek, Ontario, Canada",3
"Traverse City, Michigan, USA",3
"Ridley Park, Pennsylvania, USA",3
"Woodcliff Lake, New Jersey, USA",3
"Burnet, Texas, USA",3
"Concord, North Carolina, USA",3
"Plymouth, Massachusetts, USA",3
"Alberta, Canada",3
"Monroeville, Pennsylvania, USA",3
"Fishers, Indiana, USA",3
"Clinton, Massachusetts, USA",3
"Camrose, Alberta, Canada",3
Hybrid,3
"Garner, Iowa, USA",3
"Lindon, Utah, USA",3
"Prince Albert, Saskatchewan, Canada",3
"Highland Park, Illinois, USA",3
"Orange, California, USA",3
"Norfolk, Nebraska, USA",3
"Pasadena, Texas, USA",3
"South Boston, Virginia, USA",3
"Whitehouse Station, New Jersey, USA",3
"North Aurora, Illinois, USA",3
"Carrollton, Texas, USA",3
"Moon Township, Pennsylvania, USA",3
"West Chicago, Illinois, USA",3
"Lawrence, Kansas, USA",3
"South Charleston, West Virginia, USA",3
"Reynoldsburg, Ohio, USA",3
"Barboursville, West Virginia, USA",3
"Arvada, Colorado, USA",3
"Denver, Pennsylvania, USA",3
"Niles, Illinois, USA",3
"East Farmingdale, New York, USA",3
"Rensselaer, New York, USA",3
"Jefferson City, Missouri, USA",3
"Dallas Metro Area, Texas, USA",3
"Lewistown, Pennsylvania, USA",3
"Tarrytown, New York, USA",3
"Kitchener-Waterloo, Ontario, Canada",3
"Walker, Minnesota, USA",3
"Westbrook, Maine, USA",3
"New Bedford, Massachusetts, USA",3
"Dexter, Michigan, USA",3
"Newtown, Pennsylvania, USA",3
"Ft. Lauderdale, Florida, USA",3
"Lexington, South Carolina, USA",3
"Bozeman, Montana, USA",3
"Holyoke, Massachusetts, USA",3
"Fall River, Massachusetts, USA",3
"Richland Center, Wisconsin, USA",3
"Québec, Quebec, Canada",3
"Pullman, Washington, USA",3
"Middleton, Wisconsin, USA",3
"Centreville, Virginia, USA",3
"Augusta, Georgia, USA",3
"Robbinsville, New Jersey, USA",3
"Middleburg Heights, Ohio, USA",3
Singapore,3
"Lewisburg, Pennsylvania, USA",3
"Carol Stream, Illinois, USA",2
"Clay Hill, Florida, USA",2
"Huntington, West Virginia, USA",2
"Lake Oswego, Oregon, USA",2
"Downtown Houston, Texas, USA",2
"East Rutherford, New Jersey, USA",2
"Lake Success, New York, USA",2
"Denver Downtown, Colorado, USA",2
"Pleasant Hill, California, USA",2
"Washington D.C., USA",2
"Monmouth, Illinois, USA",2
"Taylors, South Carolina, USA",2
"Columbus, Mississippi, USA",2
"Miami Gardens, Florida, USA",2
"Brainerd, Minnesota, USA",2
"Shirley, New York, USA",2
"Clearfield, Utah, USA",2
"US - Massachusetts, USA",2
"Atlantic City, New Jersey, USA",2
"Murray, Kentucky, USA",2
"Melbourne Village, Florida, USA",2
"Tyler, Texas, USA",2
"Vandalia, Ohio, USA",2
"Encinitas, California, USA",2
"Farmington, New Mexico, USA",2
"Tigard, Oregon, USA",2
"Huntington, Vermont, USA",2
"Eagle, Idaho, USA",2
"Manhattan, New York, USA",2
"Greater Philadelphia, Pennsylvania, USA",2
"Paramus, New Jersey, USA",2
North Macedonia,2
"Beaumont, Texas, USA",2
"Nampa, Idaho, USA",2
"West Chester, Ohio, USA",2
"Merrillville, Indiana, USA",2
"Kankakee, Illinois, USA",2
"Savannah, Georgia, USA",2
"Pierre, South Dakota, USA",2
"West Springfield, Massachusetts, USA",2
"Cheyenne, Wyoming, USA",2
"Peachtree City, Georgia, USA",2
"Manhattan Beach, California, USA",2
"Fallston, Maryland, USA",2
"La Ronge, Saskatchewan, Canada",2
"Alamo, Tennessee, USA",2
"Skaneateles, New York, USA",2
"Medina, Ohio, USA",2
"Harlingen, Texas, USA",2
"Newport, Rhode Island, USA",2
"Soledad, California, USA",2
"Warman, Saskatchewan, Canada",2
"Québec, QC, Canada",2
"Boxborough, Massachusetts, USA",2
"Pottsville, Pennsylvania, USA",2
"Tracy, Minnesota, USA",2
"Clifton, New Jersey, USA",2
"Battle Creek, Michigan, USA",2
"Minot, North Dakota, USA",2
"Monticello, Iowa, USA",2
"Hahnville, Louisiana, USA",2
"Caseyville, Illinois, USA",2
"Auburn, Washington, USA",2
"Hollywood, Florida, USA",2
"Fontana, California, USA",2
"Newport, Kentucky, USA",2
"Biddeford, Maine, USA",2
"Effingham, Illinois, USA",2
"Auburn, Maine, USA",2
"Paramount, California, USA",2
"Trenton, New Jersey, USA",2
"Holmdel, New Jersey, USA",2
"Norton, Massachusetts, USA",2
"Rexdale, Ontario, Canada",2
"Russellville, Arkansas, USA",2
"Shawnee, Kansas, USA",2
"Ingersoll, Ontario, Canada",2
"Winston Salem, North Carolina, USA",2
"Holly Springs, North Carolina, USA",2
"Queensbury, New York, USA",2
"Hamlet, North Carolina, USA",2
"Roxboro, North Carolina, USA",2
"Plaquemine, Louisiana, USA",2
"Goodyear, Arizona, USA",2
"Franklin Lakes, New Jersey, USA",2
"Gaylord, Michigan, USA",2
"South Gate, California, USA",2
"Corona, California, USA",2
Ho Chi Minh,2
"Towanda, Pennsylvania, USA",2
"Springfield, Virginia, USA",2
"Cerritos, California, USA",2
"Littleton, Colorado, USA",2
"Stanley, North Carolina, USA",2
New York,2
"Kimball, Tennessee, USA",2
"Round Lake, Illinois, USA",2
"Salem, South Carolina, USA",2
"Fitchburg, Massachusetts, USA",2
"Southbridge, Massachusetts, USA",2
"Lincoln Combustion Turbine, North Carolina, USA",2
"Chino, California, USA",2
"Stephenville, Texas, USA",2
"Sleepy Hollow, New York, USA",2
"Whitewater, Wisconsin, USA",2
"Elizabethtown, Kentucky, USA",2
"Windsor, Connecticut, USA",2
"Pittston, Pennsylvania, USA",2
"Newtown, Connecticut, USA",2
"Oxford, Connecticut, USA",2
"New Albany, Indiana, USA",2
"St. Catharines, Ontario, Canada",2
"Longueuil, Quebec, Canada",2
"King Of Prussia, Pennsylvania, USA",2
"Needham, USA",2
"Latham, New York, USA",2
"Wimington, Delaware, USA",2
"Gilbert, Arizona, USA",2
"Cicero, Illinois, USA",2
United States Remote Office,2
"Annapolis Junction, Maryland, USA",2
"Gulfport, Mississippi, USA",2
"Bay Minette, Alabama, USA",2
"Corinth, Texas, USA",2
"Clarksville, Arkansas, USA",2
"Pennington, New Jersey, USA",2
"Leamington, Ontario, Canada",2
"Summerville, South Carolina, USA",2
"Amsterdam, New York, USA",2
"Clifton Park, New York, USA",2
"Plattsburgh, New York, USA",2
"Pooler, Georgia, USA",2
"Hoover, Alabama, USA",2
"Van Wert, Ohio, USA",2
"Wyalusing, Pennsylvania, USA",2
"Hammond, Louisiana, USA",2
"Brighton, Massachusetts, USA",2
"Albertville, Alabama, USA",2
"Manheim, Pennsylvania, USA",2
"Marion, Indiana, USA",2
"Vernon, British Columbia, Canada",2
"Sun Life Waterloo King, Ontario, Canada",2
"Lynnwood, Washington, USA",2
"Colstrip, Montana, USA",2
"Research Triangle Park, North Carolina, USA",2
"Buford, Georgia, USA",2
"North Richland Hills, Texas, USA",2
"Scotts Valley, California, USA",2
"Bridgeport, West Virginia, USA",2
"Cleveland, Tennessee, USA",2
"Brentwood, Missouri, USA",2
"Pearl City, Hawaii, USA",2
"Barceloneta, Puerto Rico, USA",2
"El Cajon, California, USA",2
"Galveston Bay, USA",2
"Batesville, Mississippi, USA",2
"Youngstown, Ohio, USA",2
"Weyers Cave, Virginia, USA",2
"Fairbanks, Alaska, USA",2
"Garland, Texas, USA",2
"McLeansville, North Carolina, USA",2
"Arkadelphia, Arkansas, USA",2
"Monett, Missouri, USA",2
"Crystal Springs, Mississippi, USA",2
"Mooresville, North Carolina, USA",2
"Alexandria, Minnesota, USA",2
"Madison, Mississippi, USA",2
"New Hyde Park, New York, USA",2
"Henderson, Kentucky, USA",2
"Schererville, Indiana, USA",2
"Ballwin, Missouri, USA",2
"West Lincoln, Pennsylvania, USA",2
"Ft Myers, Florida, USA",2
"Proctor, West Virginia, USA",2
"Carrollton, Ohio, USA",2
"Kensington, Ohio, USA",2
"Dorval, Quebec, Canada",2
"Paris, Illinois, USA",2
"Mount Joy, Pennsylvania, USA",2
"Orange, Texas, USA",2
"Riverwoods, Illinois, USA",2
"Berwick, Pennsylvania, USA",2
"West Glocester, Rhode Island, USA",2
"Buckeye, Arizona, USA",2
"Monroe, Connecticut, USA",2
"Owatonna, Minnesota, USA",2
"Annapolis, Maryland, USA",2
"Austin, Minnesota, USA",2
"Logan, Utah, USA",2
"Camilla, Georgia, USA",2
"Clackamas, Oregon, USA",2
"Avon, Indiana, USA",2
"Watsonville, California, USA",2
"Arden Hills, Minnesota, USA",2
"Salem, Massachusetts, USA",2
"Johnson City, Tennessee, USA",2
"Ames, Iowa, USA",2
"Hazlet, New Jersey, USA",2
"Olympia, Washington, USA",2
"South Bend, Indiana, USA",2
"Pennsauken, New Jersey, USA",2
"Santa Maria, California, USA",2
"Richmond, Utah, USA",2
"Jamestown, North Dakota, USA",2
"Waterford Works, New Jersey, USA",2
"Greenville, Wisconsin, USA",2
"Timpie, Utah, USA",2
"Lawton, Oklahoma, USA",2
Colombia,2
"Barrie, Ontario, Canada",2
"Folsom, New Jersey, USA",2
"Morgan Hill, California, USA",2
"Chula Vista, California, USA",2
"Thunder Bay, Ontario, Canada",2
"Carthage, Missouri, USA",2
"Miami Beach, Florida, USA",2
"Lexington, Nebraska, USA",2
"Nipawin, Saskatchewan, Canada",2
"Maple Grove, Minnesota, USA",2
"Dakota City, Nebraska, USA",2
"South Brunswick, New Jersey, USA",2
"Taylor, Michigan, USA",2
"Jericho, New York, USA",2
"Chestnut Ridge, New York, USA",2
"Fairfield, Connecticut, USA",2
"Clayton, Missouri, USA",2
"Macomb, Michigan, USA",2
"Mountlake Terrace, Washington, USA",2
"Mumbai, MH",2
"Puyallup, Washington, USA",2
"St Petersburg, Florida, USA",2
"Richland, Washington, USA",2
"Devens, Massachusetts, USA",2
"Worthington, Ohio, USA",2
"Liberty, South Carolina, USA",2
"JB Andrews, Maryland, USA",2
"Guaynabo, Puerto Rico, USA",2
"Picton, Ontario, Canada",2
"Oceanside, California, USA",2
"Westbury, New York, USA",2
"East Springfield, Massachusetts, USA",2
"Amherst, New York, USA",2
"Chesterfield, Michigan, USA",2
"Ontario, Oregon, USA",2
"Myerstown, Pennsylvania, USA",2
"Southport, North Carolina, USA",2
"Saint-Joseph, Quebec, Canada",2
"Shepherdsville, Kentucky, USA",2
"Nekoosa, Wisconsin, USA",2
"Fallon, Illinois, USA"", ",2
"Moorhead, Minnesota, USA",2
"West Hollywood, California, USA",2
"Muscatine, Iowa, USA",2
"Linthicum, Maryland, USA",2
"Edmond, Oklahoma, USA",2
"Lynnfield, Massachusetts, USA",2
"Victoria, Texas, USA",2
"Plymouth Township, Michigan, USA",2
"Valencia, California, USA",2
"Remote - Texas, USA",2
"Virtual, Texas, USA",2
"Homestead, Pennsylvania, USA",2
"Laie, Hawaii, USA",2
"West Lebanon, New Hampshire, USA",2
"Latrobe, Pennsylvania, USA",2
"Menands, New York, USA",2
"Bowling Green, Kentucky, USA",2
"Westchester, Illinois, USA",2
"Arab, Alabama, USA",2
"Lewis Center, Ohio, USA",2
"Big Lake, Minnesota, USA",2
"Nebraska City, Nebraska, USA",2
"Sharon, Connecticut, USA",2
"Parma, Ohio, USA",2
"Winchester, Virginia, USA",2
"Orange County, California, USA",2
"Bartow, Florida, USA",2
"Moscow, Idaho, USA",2
"Morgantown, Kentucky, USA",2
"Wilkes Barre, Pennsylvania, USA",2
"Alliston, Ontario, Canada",2
"Methuen, Massachusetts, USA",2
"Pasco, Washington, USA",2
"Spanish Fork, Utah, USA",2
"Bellevue, Nebraska, USA",2
"Stockton, California, USA",2
"Mt Juliet, Tennessee, USA",2
"Newington, Connecticut, USA",2
"St. Augustine, Florida, USA",2
"Newport News, Virginia, USA",2
"West Henrietta, New York, USA",2
"Sarnia, Ontario, Canada",2
"Tamarac, Florida, USA",2
"East Aurora, New York, USA",2
"Moses Lake, Washington, USA",2
"Beaverton, Oregon, USA",2
"Cold Lake, Alberta, Canada",2
"Grande Prairie, Alberta, Canada",2
"Warrington, Pennsylvania, USA",2
"Cadillac, Michigan, USA",2
"Smyrna, Georgia, USA",2
"Maple Ridge, British Columbia, Canada",2
"Wylie, Texas, USA",2
"Youngsville, North Carolina, USA",2
"Hybrid - Florida, USA",2
"Bayonne, New Jersey, USA",2
"Romulus, Michigan, USA",2
"Winter Park, Florida, USA",2
"Quesnel, British Columbia, Canada",2
"Farmington, Pennsylvania, USA",2
"Clayton, North Carolina, USA",2
"Rochester, New Hampshire, USA",2
"Lancaster, Ohio, USA",2
"Lake Orion, Michigan, USA",2
"Philadelphia, PA, USA",2
"Fort Lauderdale, FL, USA",2
"San Francisco, CA, USA",2
"New York, NY, USA",2
"Ashburn, VA, USA",2
"Twinsburg, Ohio, USA",2
"Saginaw, Michigan, USA",2
"San Marcos, California, USA",2
"Union, Missouri, USA",2
"Caledon, Ontario, Canada",2
"Île des Soeurs, Quebec, Canada",2
"California, USA - Remote",2
"Boynton Beach, Florida, USA",2
"Menomonee Falls, Wisconsin, USA",2
"Concord, Ontario, Canada",2
"Havelock, Ontario, Canada",2
Canada - Remote,2
"Grand Forks, North Dakota, USA",2
"York, South Carolina, USA",2
"White, Georgia, USA",2
"Mt. Vernon, Missouri, USA",2
"Hingham, Massachusetts, USA",2
"Dallas, TX, USA",2
"Chicago, IL, USA",2
"Denver, CO, USA",2
"Saint-Leonard, Quebec, Canada",2
"Hurricane, West Virginia, USA",2
"NASHVILLE, Tennessee, USA",2
"Long Island City, New York, USA",2
"Hop Bottom, Pennsylvania, USA",2
"Montrose, Pennsylvania, USA",2
"Sudbury, Ontario, Canada",2
"Springville, Pennsylvania, USA",2
"Meshoppen, Pennsylvania, USA",2
"Watrous, Saskatchewan, Canada",2
"Solon, Ohio, USA",2
"Sechelt, British Columbia, Canada",2
"Pearl, Mississippi, USA",2
"Rockland, Ontario, Canada",2
"Doylestown, Pennsylvania, USA",2
"Grand Island, Nebraska, USA",2
"Irvine, CA, USA",2
"Decatur, Alabama, USA",2
"Thornhill, Ontario, Canada",2
"Utica, New York, USA",2
"Hollywood, California, USA",2
"Stillwater, Oklahoma, USA",2
"Fort Washington, Pennsylvania, USA",2
"Batesburg-Leesville, South Carolina, USA",2
"Miramichi, New Brunswick, Canada",2
"New Glasgow, Nova Scotia, Canada",2
"Jamesville, New York, USA",2
"Los Angeles, CA, USA",2
"Tampa, FL, USA",2
"Houston, TX, USA",2
"Boston, MA, USA",2
"Sandersville, Georgia, USA",2
"Seneca, South Carolina, USA",2
"Bangor, Maine, USA",2
"Antioch, California, USA",2
"Lynchburg, Virginia, USA",2
"Perris, California, USA",2
"Southington, Connecticut, USA",2
"Port Coquitlam, British Columbia, Canada",2
"West Burlington, Iowa, USA",2
"Fort Lupton, Colorado, USA",2
"Longview, Texas, USA",2
"Ocoee, Florida, USA",2
"Granada Hills, California, USA",2
"Dorchester, Massachusetts, USA",2
"Fairfield, New Jersey, USA",2
"Valley City, Ohio, USA",2
"Sand Springs, Oklahoma, USA",2
"Sussex, New Brunswick, Canada",2
"Newberry, South Carolina, USA",2
"Lexington Park, Maryland, USA",2
"Elyria, Ohio, USA",2
"Jackson, Minnesota, USA",2
"West Roxbury, Massachusetts, USA",2
"Cumberland, Maryland, USA",2
"Seneca Falls, New York, USA",2
"Colombia, Remote",2
"Gallatin, Tennessee, USA",2
"North Kingstown, Washington, USA",2
"Peabody, Massachusetts, USA",2
"Chipley, Florida, USA",2
"Palmdale, California, USA",2
"Tolland, Connecticut, USA",2
"Douglassville, Pennsylvania, USA",2
"West Nyack, New York, USA",2
"Beardsley, South Dakota, USA",2
"Lévis, Quebec, Canada",2
"Linden, Indiana, USA",2
"Remote - Florida, USA",2
"Homewood, Alabama, USA",2
"East St. Louis, Illinois, USA",2
"Bedford, New Hampshire, USA",2
"Avon, Minnesota, USA",2
"Camarillo, California, USA",2
"Mount Prospect, Illinois, USA",2
"Vandenberg, California, USA",2
"Tempe/Phoenix, Arizona, USA",2
"Panama City, Florida, USA",2
"Norman, Oklahoma, USA",2
"London, England, United Kingdom",2
"Independence, Missouri, USA",2
"East Providence, Rhode Island, USA",2
"Mt. Pleasant, Iowa, USA",2
"Watford City, North Dakota, USA",2
"Fort McMurray - Base Plant, Alberta, Canada",2
"North Andover, Massachusetts, USA",2
"Panama City Beach, Florida, USA",2
"St-Hyacinthe, Quebec, Canada",2
"Roselle, New Jersey, USA",1
"Boston, Massachusetts, United States",1
"West Columbia, South Carolina, USA",1
"MEDIA, DELAWARE, USA",1
"Bethpage, New York, USA",1
"West Conshohocken, Pennsylvania, USA",1
"Charlottetown, Prince Edward Island, Canada",1
"New Columbia, Pennsylvania, USA",1
"St-Marys, Ontario, Canada",1
"Carpinteria, California, USA",1
"Porterville, California, USA",1
"Ukiah, California, USA",1
"Needham Heights, Massachusetts, USA",1
"FORT WORTH, Texas, USA",1
"Upper Arlington, Ohio, USA",1
"Washington DC Metro, USA",1
"Los Gatos, California, USA",1
"Brookings, South Dakota, USA",1
"Monroe, North Carolina, USA",1
"Atlantic, Iowa, USA",1
"Fuquay Varina, North Carolina, USA",1
"Chester, Maryland, USA",1
"Commack, New York, USA",1
"High Level, Alberta, Canada",1
"Manchester, United Kingdom",1
"Watkins Glen, New York, USA",1
"Westlake, Ohio, USA",1
"Malvern, Chester, USA",1
"Newport, New Hampshire, USA",1
"Carleton, Michigan, USA",1
"Woods Hole, Massachusetts, USA",1
"Fort McKay, Alberta, Canada",1
"Freedom, Oklahoma, USA",1
"University of Pittsburgh, Pennsylvania, USA",1
"Hersey, Michigan, USA",1
"New Martinsville, West Virginia, USA",1
"Rouyn-Noranda, Quebec, Canada",1
"St-Hubert, Quebec, Canada",1
Poland - Cracow,1
"Franklin, Georgia, USA",1
"CHANDLER, Arizona, USA",1
"Victor, New York, USA",1
"Bell Gardens, California, USA",1
"St Catharines, Ontario, Canada",1
"Gonzales, California, USA",1
"New Lenox, Illinois, USA",1
"Hammonton, New Jersey, USA",1
"Bay Lake, Florida, USA",1
"Oil City, Pennsylvania, USA",1
"Madison, New Jersey, USA",1
"Mount Holly, New Jersey, USA",1
"Waterford, New York, USA",1
"Port Moody, British Columbia, Canada",1
"Bassett, Virginia, USA",1
"Fremont, Ohio, USA",1
Estonia,1
"Forest, Virginia, USA",1
"Niagara Falls, Ontario, Canada",1
"Kingston, Massachusetts, USA",1
"Grand Junction, Colorado, USA",1
"Natchitoches, Louisiana, USA",1
"Gassaway, West Virginia, USA",1
"Pecatonica, Illinois, USA",1
"Courtice, Ontario, Canada",1
"Liberty, Missouri, USA",1
"Rockaway, New Jersey, USA",1
"Clayton, British Columbia, Canada",1
"Lake Forest, Illinois, USA",1
"Franklin, Wisconsin, USA",1
"Beaufort, South Carolina, USA",1
"Stoughton, Wisconsin, USA",1
"Lexington, Tennessee, USA",1
"Delson, Quebec, Canada",1
"Long Branch, New Jersey, USA",1
"Sartell, Minnesota, USA",1
"Montgomery, Ohio, USA",1
"Hanna, Alberta, Canada",1
"Greenfield, Indiana, USA",1
"Council Bluffs, Iowa, USA",1
"Watertown, New York, USA",1
"Ronkonkoma, New York, USA",1
"New Hartford, New York, USA",1
"Ballyboughal, Dublin",1
"Bristow, Virginia, USA",1
"Webster, New York, USA",1
"KNOXVILLE, Tennessee, USA",1
"Mount Holly Springs, Pennsylvania, USA",1
"Sherman Oaks, California, USA",1
"Cascade, Colorado, USA",1
"Milan, Ohio, USA",1
"Seymour, Connecticut, USA",1
"Montecito, California, USA",1
"Geismar, Louisiana, USA",1
"Vicksburg, Mississippi, USA",1
"Hilton Head Island, South Carolina, USA",1
"Grand Prairie, Alberta, Canada",1
"Moberly, Missouri, USA",1
"Mission, Kansas, USA",1
"Washington, Dist of Columbia, USA",1
"Jamestown, North Carolina, USA",1
"Midwest, USA",1
"FAIRVIEW HEIGHTS, Illinois, USA",1
"Paso Robles, California, USA",1
"Ft. Mohave, Arizona, USA",1
"Richmond Sherwood, Virginia, USA",1
"Roslyn, New York, USA",1
"Kentville, Nova Scotia, Canada",1
"Remote, PA, USA",1
"Beiseker, Alberta, Canada",1
"Rycroft, Alberta, Canada",1
"McLennan, Alberta, Canada",1
"Williamsburg, Virginia, USA",1
"Ridgeville, South Carolina, USA",1
"Greater Houston, Texas, USA",1
"Sydney, New South Wales, Australia",1
"Middleton, Nova Scotia, Canada",1
"Jefferson Hills, Pennsylvania, USA",1
"Wesley Chapel, Florida, USA",1
"Winston-Salem, North Carolina, USA",1
"Remote - California, USA",1
"Port Charlotte, Florida, USA",1
"Lévis, Québec, Canada",1
"Glen Mills, Pennsylvania, USA",1
"Grand-Sault/Grand Falls, New Brunswick, Canada",1
"Leola, Arkansas, USA",1
"Barrington Passage, Nova Scotia, Canada",1
"Montgomery, Alabama, USA",1
"Independence, Ohio, USA",1
"Mt Laurel, New Jersey, USA",1
"Dacula, Georgia, USA",1
"Ruston, Louisiana, USA",1
"Blacksburg, Virginia, USA",1
"Broken Arrow, Oklahoma, USA",1
"STILLWATER, Oklahoma, USA",1
"Mauldin, South Carolina, USA",1
"Union Grove, Wisconsin, USA",1
"Conyers, Georgia, USA",1
"Dauphin, Manitoba, Canada",1
"Rosetown, Saskatchewan, Canada",1
"Washington, District of Columbia Metro, USA",1
"Santa Fe Springs, California, USA",1
"Ste-Julie, Quebec, Canada",1
"Lutz, Florida, USA",1
"Burleson, Texas, USA",1
"Voorhees, New Jersey, USA",1
"St-Bruno de Montarville, Quebec, Canada",1
"Mesquite, Texas, USA",1
"Omak, Washington, USA",1
"Lombard, Illinois, USA",1
"Temecula, California, USA",1
"Yorkville, Illinois, USA",1
"Beloeil, Quebec, Canada",1
"Cape Coral, Florida, USA",1
"Mission Hills, California, USA",1
"Northridge, California, USA",1
"Amherst, Massachusetts, USA",1
"Purchase, New York, USA",1
"Kentwood, Michigan, USA",1
"Pacoima, California, USA",1
"San Fernando, California, USA",1
"Statesboro, Georgia, USA",1
"Mineral Wells, Texas, USA",1
"Aspen, Colorado, USA",1
"Mooresville, Indiana, USA",1
"Elizabethville, Pennsylvania, USA",1
"Humacao, Puerto Rico, USA",1
"Estero, Florida, USA",1
"Dickinson, North Dakota, USA",1
"Salisbury, Maryland, USA",1
"Venice, Florida, USA",1
"Flourtown, Pennsylvania, USA",1
"Mount Airy, North Carolina, USA",1
"Dahlgren, Virginia, USA",1
"Union, New Jersey, USA",1
"Claremont, North Carolina, USA",1
"Niskayuna, New York, USA",1
Virtual Canada Alberta,1
Virtual Canada Saskatchewan,1
"West Warwick, Rhode Island, USA",1
"St Pauls, North Carolina, USA",1
Ho Chi Minh City,1
"VICTOR, New York, USA",1
"Hermitage, Pennsylvania, USA",1
"Keaau, Hawaii, USA",1
"Panama, Panama",1
"Aventura, Florida, USA",1
"TYLER, Texas, USA",1
North America,1
"MacOn, Missouri, USA",1
"Andersonville, Georgia, USA",1
"DUBUQUE, Iowa, USA",1
"Greenwood, South Carolina, USA",1
"La Grande, Oregon, USA",1
"Baxter, Minnesota, USA",1
"Short Hills, New Jersey, USA",1
"Carolina, Puerto Rico, USA",1
"Buena Park, California, USA",1
"Quincy, Washington, USA",1
"Kings Mountain, North Carolina, USA",1
"CALGARY, Alberta, Canada",1
"EDMONTON, Alberta, Canada",1
"Ho Chi Minh, Not Provided",1
"College Park, Georgia, USA",1
"Richfield, Ohio, USA",1
"Rio Linda, California, USA",1
"Maitland, Ontario, Canada",1
"Clarence, New York, USA",1
"Sanford, North Carolina, USA",1
"Or, Quebec, Canada"", ",1
"Chester, Pennsylvania, USA",1
"Edgewater, Florida, USA",1
"Roxboro Plant (Semora NC), North Carolina, USA",1
"White Bear Township, Minnesota, USA",1
"Fayette, Alabama, USA",1
"Dan River Combined Cycle Station (Eden NC), North Carolina, USA",1
"Oxford Control House (Conover NC), North Carolina, USA",1
"Whitehorse, Yukon, Canada",1
"Glendale Heights, Illinois, USA",1
"Bay Shore, New York, USA",1
"Pittsburg, Pennsylvania, USA",1
"Hendersonville, Tennessee, USA",1
"Fort Meade, Maryland, USA",1
"Smyrna, Tennessee, USA",1
"Greater Toronto, Ontario, Canada",1
"Rosthern, Saskatchewan, Canada",1
"Lake Houston, Texas, USA",1
"Hackettstown, New Jersey, USA",1
"West Greenwich, Rhode Island, USA",1
"Chestnut Hill, Massachusetts, USA",1
"Terrytown, Louisiana, USA",1
"Lloydminster, Saskatchewan, Canada",1
"Flanders, New Jersey, USA",1
"DuQuoin, Illinois, USA",1
"Kapolei, Hawaii, USA",1
"Ogden, Utah, USA",1
"White Marsh, Maryland, USA",1
"GREENVILLE, South Carolina, USA",1
"Bon-Conseil, Quebec, Canada",1
"Dothan, Alabama, USA",1
"Killarney, Manitoba, Canada",1
"Riviera Beach, Florida, USA",1
"Scotford, Alberta, Canada",1
"Sharonville, Ohio, USA",1
"Millville, New Jersey, USA",1
"Saginaw, Texas, USA",1
"Bemidji, Minnesota, USA",1
EMEA,1
"Imlay City, Michigan, USA",1
"Cold Springs, Nevada, USA",1
"Spanish Springs, Nevada, USA",1
"AUGUSTA, Georgia, USA",1
"Hollis, New Hampshire, USA",1
"Greenfield, Massachusetts, USA",1
"Easthampton, Massachusetts, USA",1
"Belle, Missouri, USA",1
"Gibsonia, Pennsylvania, USA",1
"Wilson, North Carolina, USA",1
"Harrogate, Tennessee, USA",1
"Richmond, Kentucky, USA",1
"Havre, Montana, USA",1
"Williston, North Dakota, USA",1
"Monaca, Pennsylvania, USA",1
"Runnemede, New Jersey, USA",1
"Minden, Louisiana, USA",1
"Brattleboro, Vermont, USA",1
"Montpelier, Vermont, USA",1
"Greenville, Texas, USA",1
"Macedonia, Ohio, USA",1
"Cinnaminson, New Jersey, USA",1
"Pound Ridge, New York, USA",1
"Humble, Texas, USA",1
"Patchogue, New York, USA",1
"Bridgeton, Missouri, USA",1
"Helena, Montana, USA",1
"San Dimas, California, USA",1
"Clinton, Indiana, USA",1
"Canby, Oregon, USA",1
"Prospect, Kentucky, USA",1
"Pewaukee, Wisconsin, USA",1
"Marshall, Virginia, USA",1
"West Mifflin, Pennsylvania, USA",1
"Fort Bliss, Texas, USA",1
"Ada, Minnesota, USA",1
"Cape Town, Western Cape, South Africa",1
"Laporte, Indiana, USA",1
"Steedman, Missouri, USA",1
"Staten Island, New York, USA",1
"Maysville, Oklahoma, USA",1
"Dulles, Virginia, USA",1
"Chamberlain, South Dakota, USA",1
"Apopka, Florida, USA",1
"Downtown Denver, Colorado, USA",1
"Oceanport, New Jersey, USA",1
"Lake Erie Works, Canada",1
"South Weymouth, Massachusetts, USA",1
"Missoula, Montana, USA",1
"Oyster Creek, Texas, USA",1
"Ringwood, Illinois, USA",1
"Elk Grove, Illinois, USA",1
"Kingman, Arizona, USA",1
"New York, USA - Remote",1
"Washington, Pennsylvania, USA",1
"Rutherford, New Jersey, USA",1
"Uniontown, Pennsylvania, USA",1
"Triadelphia, West Virginia, USA",1
"Inland Empire, California, USA",1
"Rushville, Indiana, USA",1
"North Huntingdon, Pennsylvania, USA",1
"Terrell, Texas, USA",1
"Ottawa, Illinois, USA",1
"Madison, Tennessee, USA",1
"Greenwich, Connecticut, USA",1
"Streetsville, Ontario, Canada",1
"Greenbrae, California, USA",1
"Passaic, New Jersey, USA",1
"Longmeadow, Massachusetts, USA",1
"Weyburn, Saskatchewan, Canada",1
"Milford, Michigan, USA",1
"Stanford, California, USA",1
Utah - Remote Office,1
"Dallas (Plano), Texas, USA",1
"Hiram, Georgia, USA",1
"Franklin, Kentucky, USA",1
"Wright City, Missouri, USA",1
"Nacogdoches, Texas, USA",1
"Johnsonville, South Carolina, USA",1
"Centerville, Iowa, USA",1
"Homerville, Georgia, USA",1
"Hardeeville, South Carolina, USA",1
"West Hazleton, Pennsylvania, USA",1
"Lockport, Illinois, USA",1
"Longview, Washington, USA",1
"Doraville, Georgia, USA",1
"Corinth, Mississippi, USA",1
"Mason, Michigan, USA",1
"Copley, Ohio, USA",1
"Cheektowaga, New York, USA",1
"Mt Sterling, Kentucky, USA",1
"Cedartown, Georgia, USA",1
"Bradley, Illinois, USA",1
"Meridian, Mississippi, USA",1
"Other Remote NY, USA",1
"West Monroe, Louisiana, USA",1
"Silsbee, Texas, USA",1
"Merced, California, USA",1
"Lithonia, Georgia, USA",1
"Palatka, Florida, USA",1
"Texarkana, Texas, USA",1
"Lavonia, Georgia, USA",1
"Welcome, North Carolina, USA",1
"Woodbine, Georgia, USA",1
"Baytown, Texas, USA",1
"Henderson, North Carolina, USA",1
"Okemah, Oklahoma, USA",1
"Moraine, Ohio, USA",1
"Englishtown, New Jersey, USA",1
"Minerva, Ohio, USA",1
"Grove Hill, Alabama, USA",1
"Auburndale, Florida, USA",1
"Oak Creek, Wisconsin, USA",1
"Pine Grove, Louisiana, USA",1
"Beardstown, Illinois, USA",1
"Batavia, New York, USA",1
"Muskegon, Michigan, USA",1
"Uniontown, Ohio, USA",1
"Niverville, Manitoba, Canada",1
"Darby, Pennsylvania, USA",1
"Selkirk, Manitoba, Canada",1
"Atlanta Metro Area, Georgia, USA",1
"Winterville, North Carolina, USA",1
"Newport, Tennessee, USA",1
"Baltimore, Ohio, USA",1
"Nashua, New Hampshire, USA",1
"Glen Oaks, New York, USA",1
"Redding, California, USA",1
"Covington, Louisiana, USA",1
"Palmer, Alaska, USA",1
"Kingwood, Texas, USA",1
"Timmins, Ontario, Canada",1
"North Myrtle Beach, South Carolina, USA",1
"Blue Jay, California, USA",1
"Trinity, Florida, USA",1
"Saint-Laurent, QC, Canada",1
"Riverville, Virginia, USA",1
"St Francis, Wisconsin, USA",1
"Alsip, Illinois, USA",1
"Atlanta, Texas, USA",1
"Marshall, Texas, USA",1
"Palmyra, Pennsylvania, USA",1
"Benton Harbor, Michigan, USA",1
"Baytown IBC, Texas, USA",1
"Purvis, Mississippi, USA",1
"Belleville, Ontario, Canada",1
"Niles, USA",1
"Valley Stream, New York, USA",1
"East Meadow, New York, USA",1
"Bartlesville, Oklahoma, USA",1
"Abilene, Texas, USA",1
"Delta, Utah, USA",1
"Seadrift, Texas, USA",1
"Elmore, Ohio, USA",1
"Paradise, Pennsylvania, USA",1
"Oconomowoc, Wisconsin, USA",1
"Fort Bend, Texas, USA",1
"Bluffton, USA",1
"Suwanee, Georgia, USA",1
"Ambridge, Pennsylvania, USA",1
"Pinole, California, USA",1
"Albany, California, USA",1
"New Providence, New Jersey, USA",1
"Eatontown, New Jersey, USA",1
"Winfield, Kansas, USA",1
"Clinton, Arkansas, USA",1
"Highland Heights, Ohio, USA",1
"Hazard, Kentucky, USA",1
"McHenry, Mississippi, USA",1
"Deerfield, Illinois, USA",1
"Waterloo, Iowa, USA",1
Budapest,1
"Fernley, Nevada, USA",1
"Calverton, New York, USA",1
"Negaunee, Michigan, USA",1
"Hattiesburg, Mississippi, USA",1
"Hybrid- New York, USA",1
"New Freedom, Pennsylvania, USA",1
"Highlands, New Jersey, USA",1
"Colwich, Kansas, USA",1
"Lawrenceville, Georgia, USA",1
"Mechanicsville, Virginia, USA",1
"Niles, Michigan, USA",1
"Waimanalo, Hawaii, USA",1
"Rochelle, Illinois, USA",1
"Madera, California, USA",1
"Phillips, Wisconsin, USA",1
"Wheeling, Illinois, USA",1
"Three Rivers, Michigan, USA",1
"Vista, California, USA",1
"Big Rapids, Michigan, USA",1
"Manchester, Michigan, USA",1
"St Cloud, Minnesota, USA",1
"Selma, California, USA",1
"St. James, Louisiana, USA",1
"Cutler Bay, Florida, USA",1
"Braintree, Massachusetts, USA",1
"Yuba City, California, USA",1
"Glendora, California, USA",1
"DeLand, Florida, USA",1
"Westchester, New York, USA",1
"Uncle Sam, Louisiana, USA",1
"Roseland, New Jersey, USA",1
"Darrow, Louisiana, USA",1
"Lompoc, California, USA",1
"Lock Haven, Pennsylvania, USA",1
"Charlesbourg, Quebec, Canada",1
"Cuyahoga Falls, Ohio, USA",1
"Wadsworth, Ohio, USA",1
"Camp Hill, Pennsylvania, USA",1
"Manteca, California, USA",1
"Mount Hope, Holmes, USA",1
"Cherokee, Iowa, USA",1
"Mojave, California, USA",1
"Chariton, Iowa, USA",1
"Palm Harbor, Florida, USA",1
"East Hanover, New Jersey, USA",1
"Sparks, Maryland, USA",1
"Germantown, Tennessee, USA",1
"Sun Life Toronto One York, Ontario, Canada",1
Philippines,1
"New Johnsonville, Tennessee, USA",1
"Jackson, Michigan, USA",1
"Ashwaubenon, Wisconsin, USA",1
"New Hartford, Connecticut, USA",1
"Rancho Cucamonga, California, USA",1
"Windsor, Colorado, USA",1
"New Braunfels, Texas, USA",1
"Madrid, Spain",1
"Parkville, Maryland, USA",1
"Marysville, California, USA",1
"Esterhazy, Saskatchewan, Canada",1
"Lorain, Ohio, USA",1
"Yankton, South Dakota, USA",1
"Stokesdale, North Carolina, USA",1
"Platte, South Dakota, USA",1
"Walled Lake, Michigan, USA",1
"Ardmore, Pennsylvania, USA",1
"Corsica, South Dakota, USA",1
"Bolton, Ontario, Canada",1
"Mitchell, South Dakota, USA",1
"Wagner, South Dakota, USA",1
"TEMPE, Arizona, USA",1
"Aurora, Ontario, Canada",1
"BOZEMAN, Montana, USA",1
"Freeman, South Dakota, USA",1
"Granville, Ohio, USA",1
"Fultondale, Alabama, USA",1
"Forest, Mississippi, USA",1
"Brookland, Arkansas, USA",1
"Bristol, Pennsylvania, USA",1
"Drayton Valley, Alberta, Canada",1
"Boonville, Missouri, USA",1
"Geneseo, New York, USA",1
"Lincoln/Providence, Rhode Island, USA",1
"Rocky Mountain House, Alberta, Canada",1
"Erwin, North Carolina, USA",1
"MEMPHIS, Tennessee, USA",1
"Île-des-Sœurs, Quebec, Canada",1
"Greensburg, Louisiana, USA",1
"Davie, Florida, USA",1
"Croydon, Pennsylvania, USA",1
"Leduc, Alberta, Canada",1
"Kendallville, Indiana, USA",1
"Deerfield Beach, Florida, USA",1
"Oneonta, New York, USA",1
"South Boston, Massachusetts, USA",1
"Chilton, Wisconsin, USA",1
"Canandaigua, New York, USA",1
"Angleton, Texas, USA",1
"BILLINGS, Montana, USA",1
"Whiteville, North Carolina, USA",1
Germany,1
"Fort Saskatchewan, Alberta, Canada",1
"Manitoba, Canada",1
"Shippensburg, Pennsylvania, USA",1
"Sheldon, Iowa, USA",1
"Clinton, Missouri, USA",1
"Ash Flat, Arkansas, USA",1
"Anywhere, Indiana, USA",1
"LAS CRUCES, New Mexico, USA",1
"Cedar City, Utah, USA",1
"Mt. Juliet, Tennessee, USA",1
"Lowell, Massachusetts, USA",1
"Laurel, Mississippi, USA",1
"LONGVIEW, Texas, USA",1
"Sault St. Marie, Ontario, Canada",1
"ASHEVILLE, North Carolina, USA",1
"Central Islip, New York, USA",1
"Île-des-Sœurs, Québec, Canada",1
"Mount Laurel, New Jersey, USA",1
"Smithfield, Utah, USA",1
"Tel-Aviv, IL, USA",1
"Ephrata, Pennsylvania, USA",1
"Central Texas, USA",1
"Goshen, New York, USA",1
"De Pere, Wisconsin, USA",1
"Siloam Springs, Arkansas, USA",1
"Algona, Iowa, USA",1
"Bensalem, Pennsylvania, USA",1
Washington Remote,1
"Avon, Colorado, USA",1
"Chiefland, Florida, USA",1
"Napa, California, USA",1
"Monroe, Georgia, USA",1
"Oakland, Michigan, USA",1
"Upper Marlboro, Maryland, USA",1
"Swarthmore, Pennsylvania, USA",1
"Lake Worth, Texas, USA",1
"Cranston, Rhode Island, USA",1
"London, England, null",1
"Kensington, Maryland, USA",1
"Desert Hot Springs, California, USA",1
"ROGERS, Arkansas, USA",1
"Roberts, Wisconsin, USA",1
"Menomonie, Wisconsin, USA",1
"Kenner, Louisiana, USA",1
"Livingston, California, USA",1
"Barwick, Ontario, Canada",1
"Lebeau - Sherbrooke Est, Quebec, Canada",1
"Randolph, New Jersey, USA",1
"Stoughton, Massachusetts, USA",1
"Santa Rosa Beach, Florida, USA",1
"Berthoud, Colorado, USA",1
"Grapevine, Texas, USA",1
"Oxford, North Carolina, USA",1
"Leland, North Carolina, USA",1
"Aberdeen, North Carolina, USA",1
"Medford, New Jersey, USA",1
"Deerfield Township, New Jersey, USA",1
"Fort Madison, Iowa, USA",1
"New Britain, Connecticut, USA",1
"Belgrade, Montana, USA",1
"Minnesota - Minnetonka, USA",1
"Closter, New Jersey, USA",1
"Kingston, New York, USA",1
"Monroe, New York, USA",1
"Middletown, New York, USA",1
"Spring Valley, New York, USA",1
"Highland Village, Texas, USA",1
"United States-Utah-Clearfield, USA",1
"Farmington, Minnesota, USA",1
"Monrovia, California, USA",1
"Murray Hill, New Jersey, USA",1
"Port Allen, Louisiana, USA",1
"Brighton, Michigan, USA",1
"Northern Virginia, Virginia, USA",1
"Turlock, California, USA",1
"Stephenson, Virginia, USA",1
"Aston, Pennsylvania, USA",1
"Richlands, Virginia, USA",1
Warszawa,1
Eindhoven,1
"Wilsonville, Oregon, USA",1
"Pharr, Texas, USA",1
"Westmont, Illinois, USA",1
"Gurgaon, India",1
"Monterey Park, California, USA",1
"Munich, Germany",1
"Zurich, Switzerland",1
"Monroe, Louisiana, USA",1
"Shreveport, Louisiana, USA",1
Remote-SC,1
"Buhl, Minnesota, USA",1
"St. Peter, Minnesota, USA",1
"United States, USA",1
"Lincolnwood, Illinois, USA",1
"FARMINGTON, Utah, USA",1
"Miami-Boca Raton, Florida, USA",1
"United States of America, USA",1
"St. Rose, Louisiana, USA",1
"Waterway, Illinois, USA",1
"Arcadia, California, USA",1
"Harrison, Ohio, USA",1
Adtran Canada,1
"Bloomfield, New Jersey, USA",1
"Lodi, California, USA",1
"Lufkin, Texas, USA",1
"Roxbury, Massachusetts, USA",1
"Marion, Virginia, USA",1
"Tipp City, Ohio, USA",1
"Dalmeny, Saskatchewan, Canada",1
"Airdrie, Alberta, Canada",1
"Remote, Texas, USA",1
"Clemmons, North Carolina, USA",1
"Clarendon, Virginia, USA",1
"Ennis, Texas, USA",1
"Coral Springs, Florida, USA",1
"Westbank, British Columbia, Canada",1
"St. Petersburg/Tampa, Florida, USA",1
"Ponte Vedra Beach, Florida, USA",1
"Hopewell, Virginia, USA",1
"Poughkeepsie, New York, USA",1
"Riverdale, New Jersey, USA",1
"Mount Kisco, New York, USA",1
"Montclair, New Jersey, USA",1
"Martinsburg, West Virginia, USA",1
"Cortland, Ohio, USA",1
"Dayton, New Jersey, USA",1
"Winchester, Kentucky, USA",1
"Hillsboro, Highland, USA",1
"Pearsall, Texas, USA",1
São Paulo,1
"Freeport, New York, USA",1
"London, England, Canada",1
"Lisbon, Portugal",1
"Middletown, Pennsylvania, USA",1
"Westminster, South Carolina, USA",1
"North Las Vegas, Nevada, USA",1
"Israel, Haifa",1
"Glen Cove, New York, USA",1
"Trail, British Columbia, Canada",1
"Clarksburg, West Virginia, USA",1
"OCALA, Florida, USA",1
"Remote - Quebec, Canada",1
"Rockledge, Florida, USA",1
"Abbott Park, Illinois, USA",1
"Innisfil, Ontario, Canada",1
"Galveston Bay, Texas, USA",1
"Lawndale, California, USA",1
"East Greenwich, Rhode Island, USA",1
"St. Albans, Vermont, USA",1
"Barberton, Ohio, USA",1
"Diberville, Mississippi, USA",1
"Elgin, Illinois, USA",1
"Davenport, Iowa, USA",1
"Pelham, Alabama, USA",1
"Warrendale, Pennsylvania, USA",1
"Moreno Valley, California, USA",1
"Arvin, California, USA",1
"Jamaica, New York, USA",1
"Branchburg, New Jersey, USA",1
"BATON ROUGE, Louisiana, USA",1
"Williams Lake, British Columbia, Canada",1
"Pflugerville, Texas, USA",1
"Newburgh, New York, USA",1
"New York - New York, USA",1
"Washington D.C., District of Columbia, USA",1
Hybrid/Remote,1
"San Angelo, Texas, USA",1
"FRANKLIN, Tennessee, USA",1
"Hyde Park, Massachusetts, USA",1
"Dedham, Massachusetts, USA",1
"Grove City, Pennsylvania, USA",1
"Johnstown, Pennsylvania, USA",1
"Kearney, Nebraska, USA",1
"Montreal - 8585 Cote-De-Liesse, Quebec, Canada",1
"Port St. Lucie, Florida, USA",1
"Livingston, New Jersey, USA",1
"West Bloomfield, Michigan, USA",1
"Vineland, New Jersey, USA",1
"Niagara Falls, New York, USA",1
"KALISPELL, Montana, USA",1
"Center, Texas, USA",1
"Fond du Lac, Wisconsin, USA",1
"Rockland, Massachusetts, USA",1
"Celina, Texas, USA",1
Bangalore,1
London,1
"Woodinville, Washington, USA",1
"Lake Stevens, Washington, USA",1
"Marysville, Washington, USA",1
"Bellingham, Washington, USA",1
"Burlington, Washington, USA",1
"Williston, Vermont, USA",1
"Burlington, North Carolina, USA",1
"Baileys Crossroads, Virginia, USA",1
"Scottsville, Kentucky, USA",1
"Deadhorse, Alaska, USA",1
"Medley, Florida, USA",1
"Collinsville, Illinois, USA",1
"Royal Palm Beach, Florida, USA",1
"Greer, South Carolina, USA",1
"Lakewood, New Jersey, USA",1
"Washington, District of Columbia, United States",1
"Malden, Massachusetts, USA",1
"Sandusky, Ohio, USA",1
"Society Hill, South Carolina, USA",1
"Utica, Michigan, USA",1
"Fort Gratiot, Michigan, USA",1
"Hoboken, New Jersey, USA",1
"Englewood Cliffs, New Jersey, USA",1
"San Leandro, California, USA",1
New York - Remote,1
"Llano, Texas, USA",1
"Chesapeake, Virginia, USA",1
"Salem, New Hampshire, USA",1
"Warrensburg, Missouri, USA",1
"Portage la Prairie, Manitoba, Canada",1
"Bullhead City, Arizona, USA",1
"BISMARCK, North Dakota, USA",1
"Marshall, Missouri, USA",1
"Eskay Creek Mine, British Columbia, Canada",1
"Dodgeville, Wisconsin, USA",1
"AUSTIN, Texas, USA",1
"Clinton Township, Michigan, USA",1
"American Fork, Utah, USA",1
"Shrewsbury, Massachusetts, USA",1
"Compton, California, USA",1
"Aliso Viejo, California, USA",1
"Oakbrook, Illinois, USA",1
"Farmers Branch, Texas, USA",1
"Norwalk, Ohio, USA",1
"France, USA",1
"Piqua, Ohio, USA",1
"West Orange, New Jersey, USA",1
"Centralia, Illinois, USA",1
"Conway, Arkansas, USA",1
"Stuart, Florida, USA",1
"White Rock, British Columbia, Canada",1
"Trois-Rivieres, Quebec, Canada",1
"Orillia, Ontario, Canada",1
"Coachella, California, USA",1
"Silver Springs, New York, USA",1
"Gimli, Manitoba, Canada",1
"VANCOUVER, Washington, USA",1
"Scottsville, New York, USA",1
"Onalaska, Wisconsin, USA",1
"BLOOMINGTON, Illinois, USA",1
"Chambersburg, Pennsylvania, USA",1
"Lakeville, Minnesota, USA",1
"Apple Valley, Minnesota, USA",1
"Burnsville, Minnesota, USA",1
"Richfield, Minnesota, USA",1
"Montreal - 1190 av. des Canadiens-de-Montreal, Quebec, Canada",1
"Tualatin, Oregon, USA",1
"Willmar, Minnesota, USA",1
"Derry, New Hampshire, USA",1
"Brookline, Massachusetts, USA",1
"Eglin AFB, Florida, USA",1
"Dallas, Pennsylvania, USA",1
"Napoleon, Ohio, USA",1
"Redwood Shores, California, USA",1
"Broken Bow, Nebraska, USA",1
"Brossard, Quebec, Canada",1
"Boucherville, Quebec, Canada",1
"Trois-Rivières, Quebec, Canada",1
"East Harwich, Massachusetts, USA",1
"Glendale, Wisconsin, USA",1
"Nesbitt, Manitoba, Canada",1
"Robstown, Texas, USA",1
"Dearborn, Michigan, USA",1
"Steinbach, Manitoba, Canada",1
"Pembroke Pines, Florida, USA",1
"Shanghai, China",1
"Fort St. John, British Columbia, Canada",1
"Timonium, Maryland, USA",1
"Nephton, Ontario, Canada",1
"Cochrane, Alberta, Canada",1
"Kindersley, Saskatchewan, Canada",1
"Niceville, Florida, USA",1
"Shelbyville, Kentucky, USA",1
"Des Plaines, Illinois, USA",1
"North Hills, New York, USA",1
"Gulliver, USA",1
"Hamilton Works, Ontario, Canada",1
"New Windsor, New York, USA",1
"Hunt Valley, Maryland, USA",1
"Edenton, North Carolina, USA",1
"Saint-Hyacinthe, Quebec, Canada",1
"Ruffs Dale, Pennsylvania, USA",1
"Quispamsis, New Brunswick, Canada",1
"Petit-Rocher, New Brunswick, Canada",1
"Hamtramck, Michigan, USA",1
"Brownstown, Michigan, USA",1
"Lockport, New York, USA",1
"Spring Hill, Tennessee, USA",1
"Tonawanda, New York, USA",1
"Bedford, Indiana, USA",1
"Defiance, Ohio, USA",1
"Cobourg, Ontario, Canada",1
"Dickson City, Pennsylvania, USA",1
"LA, USA",1
"Marrero, Louisiana, USA",1
"Jakarta, Jakarta",1
"DeBary, Florida, USA",1
"Paoli, Indiana, USA",1
"Union Springs, Alabama, USA",1
"Bathurst, New Brunswick, Canada",1
"Richibucto, New Brunswick, Canada",1
"Miami, FL, USA",1
"West Allis, Wisconsin, USA",1
Remote - Canada - MB,1
Remote - Canada - AB,1
Remote - Canada - SK,1
Remote - Canada - ON,1
"Sioux Center, Iowa, USA",1
"Gary, Indiana, USA",1
"Brewster, Washington, USA",1
"Bristol, Connecticut, USA",1
"Pittsburgh, PA, USA",1
"Valley Forge, Pennsylvania, USA",1
"Urbana, Ohio, USA",1
"Dubuque, Iowa, USA",1
"Rosenberg, Texas, USA",1
"Edgewater, Colorado, USA",1
"Greencastle, Pennsylvania, USA",1
"Kearny, New Jersey, USA",1
"Dresden, Delaware, USA",1
"Kettering, Ohio, USA",1
"Granby, Quebec, Canada",1
"Casablanca, Not Applicable, USA",1
"Conley, Georgia, USA",1
"Tamuning, Guam, USA",1
"Middleboro, Massachusetts, USA",1
"Levis, Quebec, Canada",1
"High Springs, Florida, USA",1
"Wildwood, Florida, USA",1
"Oviedo, Florida, USA",1
"Monticello, Florida, USA",1
"Odessa, Florida, USA",1
"Boston, Suffolk, USA",1
"Princeton, Indiana, USA",1
"null, USA",1
"Waterford, Michigan, USA",1
"Parksville, British Columbia, Canada",1
"null, British Columbia, Canada",1
"Casper, Wyoming, USA",1
"Kane, Pennsylvania, USA",1
"Sicklerville, New Jersey, USA",1
"Arden, North Carolina, USA",1
"BC Cityplace, Canada",1
"West Sacramento, California, USA",1
"Monroe, Michigan, USA",1
"Delaware, Ohio, USA",1
"Peoria, Arizona, USA",1
"Tuskegee, Alabama, USA",1
"Waycross, Georgia, USA",1
"Chicago Heights, Illinois, USA",1
"Auburn, California, USA",1
"Lincoln, California, USA",1
"Pleasant Grove, Utah, USA",1
"El Dorado Hills, California, USA",1
"Placerville, California, USA",1
"Woodland, California, USA",1
"Citrus Heights, California, USA",1
"Davis, California, USA",1
"Hazlehurst, Mississippi, USA",1
"Juncos, Puerto Rico, USA",1
"Niles, Ohio, USA",1
"Elmira, Ontario, Canada",1
"Cambridge Crossing - Massachusetts, USA",1
"Harlan, Iowa, USA",1
"Cedar Knolls, New Jersey, USA",1
"Storm Lake, Iowa, USA",1
"Ida Grove, Iowa, USA",1
"Sibley, Iowa, USA",1
"Lake Park, Iowa, USA",1
"Spencer, Iowa, USA",1
"Granite City, Illinois, USA",1
"Melissa, Texas, USA",1
"Creston, British Columbia, Canada",1
"Gibbons, Alberta, Canada",1
"Titusville, Florida, USA",1
"Roseau, Minnesota, USA",1
"Greensboro, Georgia, USA",1
"Sandy, Utah, USA",1
"Sterling, Colorado, USA",1
"Parachute, Colorado, USA",1
"Rifle, Colorado, USA",1
"Conroe, Texas, USA",1
"Cheshire, Connecticut, USA",1
"Flower Mound, Texas, USA",1
"Hawthorne, New York, USA",1
"Glendale, Colorado, USA",1
"Sheridan, Colorado, USA",1
"Totowa, New Jersey, USA",1
"Pine Brook, New Jersey, USA",1
"Norwell, Massachusetts, USA",1
"Cherry Valley, Illinois, USA",1
"Parkston, South Dakota, USA",1
"New Kensington, Pennsylvania, USA",1
"Saukville, Wisconsin, USA",1
"Cushing, Oklahoma, USA",1
"Shoreview, Minnesota, USA",1
"Ft. Collins, Colorado, USA",1
"Aloha, Oregon, USA",1
"Attleboro, Massachusetts, USA",1
"Cardinal, Ontario, Canada",1
Remote - Missouri,1
"Armonk, New York, USA",1
"Hudson, New Hampshire, USA",1
"Penticton, British Columbia, Canada",1
"Mansfield, Louisiana, USA",1
"North Arlington, New Jersey, USA",1
"Natick, Massachusetts, USA",1
"Ruther Glen, Virginia, USA",1
"Port Newark, New Jersey, USA",1
"Perkasie, Pennsylvania, USA",1
"DENTON, Texas, USA",1
"Elk River, Minnesota, USA",1
"Marlboro, Massachusetts, USA",1
"Oakbrook Terrace, Illinois, USA",1
"Macomb, Illinois, USA",1
"Schertz, Texas, USA",1
"Colonie, New York, USA",1
"Saratoga Springs, New York, USA",1
"Salisbury, North Carolina, USA",1
"N Charleston, South Carolina, USA",1
"Kingsport, Tennessee, USA",1
"Wellesley, Massachusetts, USA",1
"Florham Park, New Jersey, USA",1
"Great Falls, Virginia, USA",1
"Huntington Station, New York, USA",1
"Teaneck, New Jersey, USA",1
"Amesbury, Massachusetts, USA",1
"Palatine, Illinois, USA",1
"Medford, Oklahoma, USA",1
"Mckinney, Texas, USA",1
"North Wales, Pennsylvania, USA",1
"Wyoming, Michigan, USA",1
"Hampton, Alberta, Canada",1
"Mechanicsburg, Pennsylvania, USA",1
"Ste-Foy, Quebec, Canada",1
"Trussville, Alabama, USA",1
"Campbell, California, USA",1
"Calgary, AB, Canada",1
"Ottawa, ON, Canada",1
"Edmonton, AB, Canada",1
"Toronto, ON, Canada",1
"Crown Point, Indiana, USA",1
"Plymouth, Washington, USA",1
"Beverly, Ohio, USA",1
"Leesburg, Virginia, USA",1
"Wallops Island, Virginia, USA",1
"Lethbridge, Alberta, Canada",1
"South Plainfield, New Jersey, USA",1
"Jackson, Ohio, USA",1
"St-Laurent, Quebec, Canada",1
"Livermore, California, USA",1
"Warner Robins, Georgia, USA",1
"Remote, Canada",1
"Windsor Heights, Iowa, USA",1
Remote-Germany,1
"Janesville, Wisconsin, USA",1
"Gouldsboro, Pennsylvania, USA",1
"Mountain Top, Pennsylvania, USA",1
"Pine Cone Therapies, Texas, USA",1
"New Castle, Pennsylvania, USA",1
"Williamsport, Pennsylvania, USA",1
"Guildford, British Columbia, Canada",1
"O Fallon, Missouri, USA",1
"Chaska, Minnesota, USA",1
"Gardner, Kansas, USA",1
"Chalfont, Pennsylvania, USA",1
"Whitestown, Indiana, USA",1
"Ft. Myers, Florida, USA",1
"Worthington, Minnesota, USA",1
"Truman, Minnesota, USA",1
"Saint James, Minnesota, USA",1
"Chatsworth, California, USA",1
"Beaver Brook, Massachusetts, USA",1
"Menasha, Wisconsin, USA",1
"Lapeer, Michigan, USA",1
"Saint John, New Brunswick, Canada",1
"Northborough, Massachusetts, USA",1
"Harleyville, South Carolina, USA",1
"Remote, Indiana, USA",1
"Garden City, Kansas, USA",1
USA - Remote FL,1
Remote - Canada,1
"Demorest, Georgia, USA",1
"Chatham, Virginia, USA",1
"Kinistino, Saskatchewan, Canada",1
"Forest Park, Georgia, USA",1
"Greenville, Pennsylvania, USA",1
"Port Hope, Ontario, Canada",1
"Panama City, Panama",1
"Sebring, Florida, USA",1
"Cape Girardeau, Missouri, USA",1
"Terrebonne, Quebec, Canada",1
"Lebanon, New Hampshire, USA",1
"Moline, Illinois, USA",1
"Woonsocket, Rhode Island, USA",1
"Tillsonburg, Ontario, Canada",1
"Burley, Idaho, USA",1
"Pevely, Missouri, USA",1
"Joliet, Illinois, USA",1
"La Place, Louisiana, USA",1
"Valley View, Ohio, USA",1
"High Point, North Carolina, USA",1
"Aurora, Wisconsin, USA",1
"MACON, Georgia, USA",1
"Brookhaven, Georgia, USA",1
"Daman, Texas, USA",1
"DALLAS, Texas, USA",1
"Halifax, North Carolina, USA",1
"Oronoco, Minnesota, USA",1
"Tiverton, Ontario, Canada",1
"Lake Forest, California, USA",1
"Makawao, Hawaii, USA",1
"Plattsburg, Missouri, USA",1
"Haddonfield, New Jersey, USA",1
"Ridgefield, New Jersey, USA",1
"Bakersfield, California, USA",1
"GTA, Ontario, Canada",1
"Hanover, Ontario, Canada",1
"Ojai, California, USA",1
"Madoc, Ontario, Canada",1
"St. Laurent, Quebec, Canada",1
"Rowlett, Texas, USA",1
"Oakwood, Georgia, USA",1
"Paducah, Kentucky, USA",1
"Lake City, Florida, USA",1
"Rochester Hills, Michigan, USA",1
"Hatfield, Pennsylvania, USA",1
"Sherbrooke, Québec, Canada",1
"Drummondville, Quebec, Canada",1
"Jenison, Michigan, USA",1
"Powell, Wyoming, USA",1
"Sheridan, Wyoming, USA",1
"Miles City, Montana, USA",1
"Mt. Vernon, Illinois, USA",1
Issy Les Moulineaux,1
"Alma, Wisconsin, USA",1
"Woodstock, Ontario, Canada",1
"Carman, Manitoba, Canada",1
"Watertown, South Dakota, USA",1
"Brick Twp, New Jersey, USA",1
"Pompton Plains, New Jersey, USA",1
"Hickory, North Carolina, USA",1
"Thomasville, North Carolina, USA",1
"Slayton, Minnesota, USA",1
"Luverne, Minnesota, USA",1
"Pipestone, Minnesota, USA",1
"Plainville, Illinois, USA",1
"Sewell, New Jersey, USA",1
"Sleepy Eye, Minnesota, USA",1
"null, Texas, USA",1
"St. Albans, West Virginia, USA",1
"Jonestown, Pennsylvania, USA",1
"Whitehall, Pennsylvania, USA",1
"Chatham, Ontario, Canada",1
"IDAHO FALLS, Idaho, USA",1
"Beaverton, Washington, USA",1
"South Deerfield, Massachusetts, USA",1
"De Soto, Kansas, USA",1
"Thornton, Illinois, USA",1
"Battleford, Saskatchewan, Canada",1
"Saint Augustine, Florida, USA",1
"Brandon, Florida, USA",1
"Muncie, Indiana, USA",1
"Chambly, Quebec, Canada",1
"London, England, UK",1
"Norristown, Pennsylvania, USA",1
"Vienna, Virginia, USA",1
"Edgerton, Minnesota, USA",1
"Stillwater, Minnesota, USA",1
"Fredericksburg, Virginia, USA",1
"Starkville, Mississippi, USA",1
"Hermantown, Minnesota, USA",1
"Other Remote, Ohio, USA",1
"Huron, South Dakota, USA",1
"Aberdeen, South Dakota, USA",1
"Morro Bay, California, USA",1
"LA, Louisiana, USA",1
"Meadville, Pennsylvania, USA",1
"Danbury, Connecticut, USA",1
"Glendale, Arizona, USA",1
"Montebello, California, USA",1
"Sherman, Grayson, USA",1
"Sydney, Nova Scotia, Canada",1
"Roselle, Illinois, USA",1
"Aiken, South Carolina, USA",1
"Mediapolis, Iowa, USA",1
"Rio Rancho, New Mexico, USA",1
"Or, Québec, Canada"", ",1
"Spruce View, Alberta, Canada",1
"Banning, California, USA",1
"Chipley, Washington, USA",1
"Carle Place, New York, USA",1
"Telecommuter Alabama, USA",1
"Sylacauga, Alabama, USA",1
"Richmond, Indiana, USA",1
"Leipzig, Saxony, Germany",1
"SF Bay Area, California, USA",1
"Powell, Tennessee, USA",1
"Chicago Westmont, Illinois, USA",1
"Anjou, Quebec, Canada",1
"Glasgow, Kentucky, USA",1
"Vidor, Texas, USA",1
"Harrison, New York, USA",1
"Auburn, New Hampshire, USA",1
"Monroe, Fairfield, USA",1
"Brunswick, Georgia, USA",1
"Cupertino, California, USA",1
"Elkton, Maryland, USA",1
"St-Jérôme, Quebec, Canada",1
"Greater Cincinnati, Ohio, USA",1
"Washington, Washington, D.C., USA",1
"Benedict, North Dakota, USA",1
"TROIS-RIVIÈRES, Quebec, Canada",1
"Hobart, New York, USA",1
"Tampa Bay, Florida, USA",1
"Mukilteo, Washington, USA",1
"Bowmanville, Ontario, Canada",1
"Statewide, Nebraska, USA",1
"Jefferson, Georgia, USA",1
"Braselton, Georgia, USA",1
"Macon, Georgia, USA",1
"Clive, Iowa, USA",1
"Clarksboro, New Jersey, USA",1
"Bethesda-Chevy Chase, Maryland, USA",1
"Wayne, New Jersey, USA",1
"La Palma, California, USA",1
"Virtual, Canada",1
"Uniondale, New York, USA",1
"Chesterbrook, Pennsylvania, USA",1
"Cape May Court House, New Jersey, USA",1
"Fernandina Beach, Florida, USA",1
Remote - South Carolina,1
"Mount Uniacke, Nova Scotia, Canada",1
"Waterdown, Ontario, Canada",1
"Millsboro, Delaware, USA",1
"Harbeson, Delaware, USA",1
"Greenland, New Hampshire, USA",1
"Somersworth, New Hampshire, USA",1
"Topsham, Maine, USA",1
"Augusta, Maine, USA",1
"Courtenay, British Columbia, Canada",1
"Branson, Missouri, USA",1
"Roxboro Plant, North Carolina, USA",1
"Dan River Combined Cycle Station, North Carolina, USA",1
"Oxford Control House, North Carolina, USA",1
"Gonzales, Louisiana, USA",1
"New Boston, Texas, USA",1
"Cypress Waters - Dallas, Texas, USA",1
"Alexander, North Dakota, USA",1
"Prosper, Texas, USA",1
"Powers Lake, North Dakota, USA",1
"North Bay, Ontario, Canada",1
"Tolley, North Dakota, USA",1
"Superior, Colorado, USA",1
"Wheat Ridge, Colorado, USA",1
"Cookeville, Tennessee, USA",1
"Semora, North Carolina, USA",1
"Lexington, North Carolina, USA",1
"Chester, South Carolina, USA",1
"Manahawkin, New Jersey, USA",1
"Cleburne, Texas, USA",1
"Rocky Mount, Virginia, USA",1
"New York State (Other), USA",1
"Etna, Ohio, USA",1
"Newark, Ohio, USA",1
"Nokomis, Illinois, USA",1
"Southern California, USA",1
"Pacaud Twp, Ontario, Canada",1
"Haileybury, Ontario, Canada",1
"Bracebridge, Ontario, Canada",1
"Medellin, Colorado, USA",1
"New Hope, Minnesota, USA",1
"Ithaca, New York, USA",1
USA Remote,1
"Largo, Florida, USA",1
"Point Loma, California, USA",1
"Roy, Utah, USA",1
"Gulf Breeze, Florida, USA",1
"Dalhart, Texas, USA",1
"New Rochelle, New York, USA",1
"Orange Park, Florida, USA",1
"Beltsville, Maryland, USA",1
"Remote - Pennsylvania, USA",1
"Marina, California, USA",1
"Capitola, California, USA",1
"Salinas, California, USA",1
"Hollister, California, USA",1
"Sand City, California, USA",1
"Gilroy, California, USA",1
"Remote - Massachusetts, USA",1
"Ridgecrest, California, USA",1
